/*
 Navicat Premium Data Transfer

 Source Server         : Railway MySQL
 Source Server Type    : MySQL
 Source Server Version : 90400
 Source Host           : gondola.proxy.rlwy.net:29600
 Source Schema         : railway

 Target Server Type    : MySQL
 Target Server Version : 90400
 File Encoding         : 65001

 Date: 06/04/2026 12:02:38
*/

SET NAMES utf8mb4;
SET FOREIGN_KEY_CHECKS = 0;

-- ----------------------------
-- Table structure for answer
-- ----------------------------
DROP TABLE IF EXISTS `answer`;
CREATE TABLE `answer`  (
  `id` bigint NOT NULL AUTO_INCREMENT COMMENT '主键ID',
  `question_id` bigint NOT NULL COMMENT '问题ID',
  `user_id` bigint NOT NULL COMMENT '作者ID',
  `content` text CHARACTER SET utf8mb4 COLLATE utf8mb4_unicode_ci NOT NULL COMMENT '内容',
  `vote_count` int NULL DEFAULT 0 COMMENT '点赞数',
  `is_accepted` tinyint(1) NULL DEFAULT 0 COMMENT '是否被采纳',
  `created_at` datetime NULL DEFAULT CURRENT_TIMESTAMP COMMENT '创建时间',
  `updated_at` datetime NULL DEFAULT CURRENT_TIMESTAMP ON UPDATE CURRENT_TIMESTAMP COMMENT '更新时间',
  PRIMARY KEY (`id`) USING BTREE,
  INDEX `idx_question_id`(`question_id` ASC) USING BTREE,
  INDEX `idx_user_id`(`user_id` ASC) USING BTREE,
  INDEX `idx_is_accepted`(`is_accepted` ASC) USING BTREE,
  INDEX `idx_created_at`(`created_at` ASC) USING BTREE,
  CONSTRAINT `fk_answer_question` FOREIGN KEY (`question_id`) REFERENCES `question` (`id`) ON DELETE CASCADE ON UPDATE RESTRICT,
  CONSTRAINT `fk_answer_user` FOREIGN KEY (`user_id`) REFERENCES `user` (`id`) ON DELETE CASCADE ON UPDATE RESTRICT
) ENGINE = InnoDB AUTO_INCREMENT = 23 CHARACTER SET = utf8mb4 COLLATE = utf8mb4_unicode_ci COMMENT = '回答表' ROW_FORMAT = DYNAMIC;

-- ----------------------------
-- Records of answer
-- ----------------------------
INSERT INTO `answer` VALUES (8, 7, 6, '自己回复测试', 1, 0, '2026-02-07 01:08:15', '2026-02-07 01:08:15');
INSERT INTO `answer` VALUES (9, 8, 6, '法啊啊我', 0, 0, '2026-02-12 00:10:53', '2026-02-12 00:10:53');
INSERT INTO `answer` VALUES (10, 9, 6, '电风扇赶得上他撒阿萨', 1, 0, '2026-02-12 01:57:38', '2026-02-12 01:57:38');
INSERT INTO `answer` VALUES (11, 9, 1, '对方发射点发生发射点风格', 1, 0, '2026-02-12 02:06:07', '2026-02-12 02:06:07');
INSERT INTO `answer` VALUES (12, 10, 8, '哈哈哈哈哈哈哈哈哈', 1, 0, '2026-03-07 21:56:03', '2026-03-07 21:56:03');
INSERT INTO `answer` VALUES (13, 12, 6, '回答测试111', 0, 0, '2026-03-09 21:19:19', '2026-03-09 21:19:19');
INSERT INTO `answer` VALUES (14, 13, 6, '回答测试111回答测试111回答测试111', 1, 0, '2026-03-09 21:19:33', '2026-03-09 21:19:33');
INSERT INTO `answer` VALUES (15, 11, 6, '是公司的官方的说法豆腐干山豆根范德萨', 0, 0, '2026-03-09 21:50:41', '2026-03-09 21:50:41');
INSERT INTO `answer` VALUES (16, 11, 6, '士大夫敢死队敢死队', 0, 0, '2026-03-09 21:50:43', '2026-03-09 21:50:43');
INSERT INTO `answer` VALUES (17, 13, 6, '的说法是放大范德萨发撒法', 0, 0, '2026-03-09 22:50:24', '2026-03-09 22:50:24');
INSERT INTO `answer` VALUES (18, 13, 6, '分是否达到说法萨芬', 0, 0, '2026-03-09 22:50:27', '2026-03-09 22:50:27');
INSERT INTO `answer` VALUES (19, 11, 6, 'v成本v小程序吃不消吃不消', 0, 0, '2026-03-09 22:50:37', '2026-03-09 22:50:37');
INSERT INTO `answer` VALUES (20, 15, 9, 'Fghjj', 1, 0, '2026-04-04 14:47:55', '2026-04-04 14:47:55');
INSERT INTO `answer` VALUES (21, 14, 1, '测试手机', 0, 0, '2026-04-04 16:23:20', '2026-04-04 16:23:20');
INSERT INTO `answer` VALUES (22, 14, 1, '测试手机', 0, 0, '2026-04-04 16:23:22', '2026-04-04 16:23:22');

-- ----------------------------
-- Table structure for collect
-- ----------------------------
DROP TABLE IF EXISTS `collect`;
CREATE TABLE `collect`  (
  `id` bigint NOT NULL AUTO_INCREMENT COMMENT '主键ID',
  `user_id` bigint NOT NULL COMMENT '用户ID',
  `question_id` bigint NOT NULL COMMENT '问题ID',
  `created_at` datetime NULL DEFAULT CURRENT_TIMESTAMP COMMENT '创建时间',
  PRIMARY KEY (`id`) USING BTREE,
  UNIQUE INDEX `uk_user_question`(`user_id` ASC, `question_id` ASC) USING BTREE,
  INDEX `idx_user_id`(`user_id` ASC) USING BTREE,
  INDEX `fk_collect_question`(`question_id` ASC) USING BTREE,
  CONSTRAINT `fk_collect_question` FOREIGN KEY (`question_id`) REFERENCES `question` (`id`) ON DELETE CASCADE ON UPDATE RESTRICT,
  CONSTRAINT `fk_collect_user` FOREIGN KEY (`user_id`) REFERENCES `user` (`id`) ON DELETE CASCADE ON UPDATE RESTRICT
) ENGINE = InnoDB AUTO_INCREMENT = 14 CHARACTER SET = utf8mb4 COLLATE = utf8mb4_unicode_ci COMMENT = '收藏表' ROW_FORMAT = DYNAMIC;

-- ----------------------------
-- Records of collect
-- ----------------------------

-- ----------------------------
-- Table structure for comment
-- ----------------------------
DROP TABLE IF EXISTS `comment`;
CREATE TABLE `comment`  (
  `id` bigint NOT NULL AUTO_INCREMENT COMMENT '主键ID',
  `target_type` varchar(20) CHARACTER SET utf8mb4 COLLATE utf8mb4_unicode_ci NOT NULL COMMENT '目标类型：QUESTION/ANSWER',
  `target_id` bigint NOT NULL COMMENT '目标ID',
  `user_id` bigint NOT NULL COMMENT '作者ID',
  `content` varchar(500) CHARACTER SET utf8mb4 COLLATE utf8mb4_unicode_ci NOT NULL COMMENT '内容',
  `created_at` datetime NULL DEFAULT CURRENT_TIMESTAMP COMMENT '创建时间',
  `updated_at` datetime NULL DEFAULT CURRENT_TIMESTAMP ON UPDATE CURRENT_TIMESTAMP COMMENT '更新时间',
  PRIMARY KEY (`id`) USING BTREE,
  INDEX `idx_target_type`(`target_type` ASC) USING BTREE,
  INDEX `idx_target_id`(`target_id` ASC) USING BTREE,
  INDEX `idx_user_id`(`user_id` ASC) USING BTREE,
  CONSTRAINT `fk_comment_user` FOREIGN KEY (`user_id`) REFERENCES `user` (`id`) ON DELETE CASCADE ON UPDATE RESTRICT
) ENGINE = InnoDB AUTO_INCREMENT = 11 CHARACTER SET = utf8mb4 COLLATE = utf8mb4_unicode_ci COMMENT = '评论表' ROW_FORMAT = DYNAMIC;

-- ----------------------------
-- Records of comment
-- ----------------------------

-- ----------------------------
-- Table structure for hot_question_config
-- ----------------------------
DROP TABLE IF EXISTS `hot_question_config`;
CREATE TABLE `hot_question_config`  (
  `id` bigint NOT NULL AUTO_INCREMENT COMMENT '主键ID',
  `time_range_days` int NULL DEFAULT 7 COMMENT '时间范围（天）',
  `min_view_count` int NULL DEFAULT 100 COMMENT '最小浏览量',
  `min_answer_count` int NULL DEFAULT 5 COMMENT '最小回答数',
  `min_vote_count` int NULL DEFAULT 10 COMMENT '最小投票数',
  `sort_by` varchar(20) CHARACTER SET utf8mb4 COLLATE utf8mb4_unicode_ci NULL DEFAULT 'composite' COMMENT '排序方式：view/answer/vote/composite',
  `display_count` int NULL DEFAULT 10 COMMENT '显示数量',
  `enabled` tinyint(1) NULL DEFAULT 1 COMMENT '是否启用',
  `created_at` datetime NULL DEFAULT CURRENT_TIMESTAMP COMMENT '创建时间',
  `updated_at` datetime NULL DEFAULT CURRENT_TIMESTAMP ON UPDATE CURRENT_TIMESTAMP COMMENT '更新时间',
  `created_by` bigint NULL DEFAULT NULL COMMENT '创建者ID',
  PRIMARY KEY (`id`) USING BTREE
) ENGINE = InnoDB AUTO_INCREMENT = 28 CHARACTER SET = utf8mb4 COLLATE = utf8mb4_unicode_ci COMMENT = '热门问题配置表' ROW_FORMAT = DYNAMIC;

-- ----------------------------
-- Records of hot_question_config
-- ----------------------------
INSERT INTO `hot_question_config` VALUES (1, 7, 50, 2, 5, 'composite', 10, 1, '2026-02-05 21:36:35', '2026-02-05 21:36:35', 1);
INSERT INTO `hot_question_config` VALUES (2, 7, 130, 2, 5, 'composite', 10, 1, '2026-03-04 22:53:28', '2026-03-04 22:53:28', NULL);
INSERT INTO `hot_question_config` VALUES (3, 7, 130, 2, 5, 'composite', 10, 1, '2026-03-04 22:53:28', '2026-03-04 22:53:28', NULL);
INSERT INTO `hot_question_config` VALUES (4, 7, 130, 2, 5, 'composite', 10, 1, '2026-03-04 22:53:41', '2026-03-04 22:53:41', NULL);
INSERT INTO `hot_question_config` VALUES (5, 7, 130, 6, 5, 'composite', 10, 1, '2026-03-04 22:54:01', '2026-03-04 22:54:01', NULL);
INSERT INTO `hot_question_config` VALUES (6, 7, 130, 6, 5, 'composite', 10, 1, '2026-03-04 22:54:10', '2026-03-04 22:54:10', NULL);
INSERT INTO `hot_question_config` VALUES (7, 7, 130, 5, 5, 'composite', 10, 1, '2026-03-04 22:54:21', '2026-03-04 22:54:21', NULL);
INSERT INTO `hot_question_config` VALUES (8, 7, 130, 5, 15, 'composite', 10, 1, '2026-03-04 22:54:34', '2026-03-04 22:54:34', NULL);
INSERT INTO `hot_question_config` VALUES (9, 7, 130, 5, 15, 'view', 10, 1, '2026-03-04 23:02:38', '2026-03-04 23:02:38', NULL);
INSERT INTO `hot_question_config` VALUES (10, 7, 100, 5, 15, 'view', 10, 1, '2026-03-04 23:03:01', '2026-03-04 23:03:01', NULL);
INSERT INTO `hot_question_config` VALUES (11, 7, 50, 5, 15, 'view', 10, 1, '2026-03-04 23:03:54', '2026-03-04 23:03:54', NULL);
INSERT INTO `hot_question_config` VALUES (12, 7, 1, 1, 1, 'view', 10, 1, '2026-03-04 23:09:06', '2026-03-04 23:09:06', NULL);
INSERT INTO `hot_question_config` VALUES (13, 100, 130, 5, 5, 'view', 10, 1, '2026-03-04 23:18:45', '2026-03-04 23:18:45', NULL);
INSERT INTO `hot_question_config` VALUES (14, 100, 130, 5, 5, 'composite', 10, 1, '2026-03-04 23:19:03', '2026-03-04 23:19:03', NULL);
INSERT INTO `hot_question_config` VALUES (15, 100, 130, 5, 5, 'composite', 10, 1, '2026-03-04 23:19:04', '2026-03-04 23:19:04', NULL);
INSERT INTO `hot_question_config` VALUES (16, 100, 130, 5, 5, 'composite', 10, 1, '2026-03-04 23:19:04', '2026-03-04 23:19:04', NULL);
INSERT INTO `hot_question_config` VALUES (17, 100, 130, 5, 5, 'composite', 10, 1, '2026-03-04 23:19:08', '2026-03-04 23:19:08', NULL);
INSERT INTO `hot_question_config` VALUES (18, 100, 130, 5, 5, 'composite', 10, 1, '2026-03-04 23:19:11', '2026-03-04 23:19:11', NULL);
INSERT INTO `hot_question_config` VALUES (19, 100, 130, 5, 5, 'composite', 10, 1, '2026-03-04 23:19:11', '2026-03-04 23:19:11', NULL);
INSERT INTO `hot_question_config` VALUES (20, 100, 130, 5, 5, 'composite', 10, 1, '2026-03-04 23:19:16', '2026-03-04 23:19:16', NULL);
INSERT INTO `hot_question_config` VALUES (21, 100, 130, 5, 5, 'composite', 10, 1, '2026-03-04 23:25:55', '2026-03-04 23:25:55', NULL);
INSERT INTO `hot_question_config` VALUES (22, 100, 130, 5, 5, 'composite', 10, 1, '2026-03-05 11:06:04', '2026-03-05 11:06:04', NULL);
INSERT INTO `hot_question_config` VALUES (23, 31, 50, 1, 1, 'composite', 10, 1, '2026-03-08 23:32:57', '2026-03-08 23:32:57', NULL);
INSERT INTO `hot_question_config` VALUES (24, 31, 40, 1, 1, 'composite', 10, 1, '2026-03-08 23:33:18', '2026-03-08 23:33:18', NULL);
INSERT INTO `hot_question_config` VALUES (25, 31, 40, 1, 1, 'composite', 10, 1, '2026-04-04 10:30:54', '2026-04-04 10:30:54', NULL);
INSERT INTO `hot_question_config` VALUES (26, 31, 30, 1, 1, 'composite', 5, 1, '2026-04-04 11:11:11', '2026-04-04 11:11:11', NULL);
INSERT INTO `hot_question_config` VALUES (27, 100, 30, 1, 1, 'composite', 5, 1, '2026-04-04 11:44:28', '2026-04-04 11:44:28', NULL);

-- ----------------------------
-- Table structure for message
-- ----------------------------
DROP TABLE IF EXISTS `message`;
CREATE TABLE `message`  (
  `id` bigint NOT NULL AUTO_INCREMENT COMMENT '娑堟伅ID',
  `sender_id` bigint NOT NULL COMMENT '鍙戦?鑰匢D',
  `sender_username` varchar(50) CHARACTER SET utf8mb4 COLLATE utf8mb4_unicode_ci NULL DEFAULT NULL COMMENT '鍙戦?鑰呯敤鎴峰悕',
  `sender_avatar` varchar(255) CHARACTER SET utf8mb4 COLLATE utf8mb4_unicode_ci NULL DEFAULT NULL COMMENT '鍙戦?鑰呭ご鍍',
  `receiver_id` bigint NOT NULL COMMENT '鎺ユ敹鑰匢D',
  `receiver_username` varchar(50) CHARACTER SET utf8mb4 COLLATE utf8mb4_unicode_ci NULL DEFAULT NULL COMMENT '鎺ユ敹鑰呯敤鎴峰悕',
  `receiver_avatar` varchar(255) CHARACTER SET utf8mb4 COLLATE utf8mb4_unicode_ci NULL DEFAULT NULL COMMENT '接收者头像',
  `content` text CHARACTER SET utf8mb4 COLLATE utf8mb4_unicode_ci NOT NULL COMMENT '娑堟伅鍐呭?',
  `is_read` tinyint(1) NULL DEFAULT 0 COMMENT '鏄?惁宸茶?',
  `created_at` datetime NULL DEFAULT CURRENT_TIMESTAMP COMMENT '鍒涘缓鏃堕棿',
  `question_id` bigint NULL DEFAULT NULL,
  PRIMARY KEY (`id`) USING BTREE,
  INDEX `idx_sender_receiver`(`sender_id` ASC, `receiver_id` ASC) USING BTREE,
  INDEX `idx_created_at`(`created_at` ASC) USING BTREE,
  INDEX `idx_question_id`(`question_id` ASC) USING BTREE
) ENGINE = InnoDB AUTO_INCREMENT = 30 CHARACTER SET = utf8mb4 COLLATE = utf8mb4_unicode_ci COMMENT = '鑱婂ぉ娑堟伅琛' ROW_FORMAT = Dynamic;

-- ----------------------------
-- Records of message
-- ----------------------------
INSERT INTO `message` VALUES (1, 6, 'zhangsan', NULL, 9, 'wanger', NULL, '滴滴滴滴滴滴滴', 1, '2026-04-05 16:54:45', 17);
INSERT INTO `message` VALUES (2, 9, 'wanger', NULL, 6, 'zhangsan', NULL, '吃饭饭刚刚', 1, '2026-04-05 16:55:58', NULL);
INSERT INTO `message` VALUES (3, 9, 'wanger', NULL, 6, 'zhangsan', NULL, '测试', 1, '2026-04-05 16:56:15', NULL);
INSERT INTO `message` VALUES (4, 6, 'zhangsan', NULL, 9, 'wanger', NULL, '发发发', 1, '2026-04-05 16:56:46', 17);
INSERT INTO `message` VALUES (5, 9, 'wanger', NULL, 6, 'zhangsan', NULL, 'vvvv', 1, '2026-04-05 16:56:57', NULL);
INSERT INTO `message` VALUES (6, 9, 'wanger', NULL, 6, 'zhangsan', NULL, '不尴尬', 1, '2026-04-05 16:57:19', NULL);
INSERT INTO `message` VALUES (7, 6, 'zhangsan', NULL, 9, 'wanger', NULL, '热热热', 1, '2026-04-05 16:57:27', 17);
INSERT INTO `message` VALUES (8, 9, 'wanger', NULL, 6, 'zhangsan', NULL, '买面膜', 1, '2026-04-05 16:59:35', NULL);
INSERT INTO `message` VALUES (9, 9, 'wanger', NULL, 6, 'zhangsan', NULL, '滚滚滚', 1, '2026-04-05 17:01:24', NULL);
INSERT INTO `message` VALUES (10, 6, 'zhangsan', NULL, 9, 'wanger', NULL, '对对对', 1, '2026-04-05 17:01:34', NULL);
INSERT INTO `message` VALUES (11, 1, 'admin', NULL, 9, 'wanger', NULL, '但还是国防大厦', 1, '2026-04-05 18:05:42', 17);
INSERT INTO `message` VALUES (12, 9, 'wanger', NULL, 1, 'admin', NULL, '哈哈哈哈', 1, '2026-04-05 18:09:18', NULL);
INSERT INTO `message` VALUES (13, 9, 'wanger', NULL, 1, 'admin', NULL, 'u哈哈宝宝', 1, '2026-04-05 18:11:13', NULL);
INSERT INTO `message` VALUES (14, 9, 'wanger', NULL, 1, 'admin', NULL, '姐姐啊十多块放假啊四六级', 1, '2026-04-05 19:55:50', 16);
INSERT INTO `message` VALUES (15, 1, 'admin', NULL, 9, 'wanger', NULL, '阿斯顿发生发生', 1, '2026-04-05 19:59:09', NULL);
INSERT INTO `message` VALUES (16, 9, 'wanger', NULL, 1, 'admin', NULL, '发给撒格桑', 1, '2026-04-05 20:02:02', 16);
INSERT INTO `message` VALUES (17, 9, 'wanger', NULL, 1, 'admin', NULL, '大沙发沙发', 1, '2026-04-05 20:02:17', 16);
INSERT INTO `message` VALUES (18, 9, 'wanger', NULL, 1, 'admin', NULL, '阿瑟发啊发阿飞啊大哥哥去啊让他我前任', 1, '2026-04-05 20:02:35', 16);
INSERT INTO `message` VALUES (19, 6, 'zhangsan', NULL, 9, 'wanger', NULL, 'jjj神经病舍不得', 1, '2026-04-05 20:31:04', NULL);
INSERT INTO `message` VALUES (20, 6, 'zhangsan', NULL, 9, 'wanger', NULL, '哈哈镜', 1, '2026-04-05 20:31:14', NULL);
INSERT INTO `message` VALUES (21, 9, 'wanger', NULL, 6, 'zhangsan', NULL, '哈哈哈姐妹们', 1, '2026-04-05 20:40:34', NULL);
INSERT INTO `message` VALUES (22, 1, 'admin', NULL, 9, 'wanger', NULL, '啊手动阀', 1, '2026-04-06 00:28:59', NULL);
INSERT INTO `message` VALUES (23, 9, 'wanger', NULL, 1, 'admin', NULL, '舒服舒服副食商店', 1, '2026-04-06 00:30:19', NULL);
INSERT INTO `message` VALUES (24, 1, 'admin', NULL, 9, 'wanger', NULL, '阿凡达是否', 1, '2026-04-06 00:31:38', NULL);
INSERT INTO `message` VALUES (25, 9, 'wanger', NULL, 1, 'admin', NULL, '低调低调', 1, '2026-04-06 00:32:00', NULL);
INSERT INTO `message` VALUES (26, 9, 'wanger', NULL, 6, 'zhangsan', NULL, '嘚瑟的', 1, '2026-04-06 00:32:23', NULL);
INSERT INTO `message` VALUES (27, 9, 'wanger', NULL, 1, 'admin', NULL, '随时随地', 1, '2026-04-06 00:58:15', NULL);
INSERT INTO `message` VALUES (28, 1, 'admin', NULL, 9, 'wanger', NULL, '阿斯顿发顺丰委屈热污染', 0, '2026-04-06 00:59:06', NULL);
INSERT INTO `message` VALUES (29, 9, 'wanger', NULL, 1, 'admin', NULL, '发个嘚瑟', 0, '2026-04-06 00:59:36', NULL);

-- ----------------------------
-- Table structure for notification
-- ----------------------------
DROP TABLE IF EXISTS `notification`;
CREATE TABLE `notification`  (
  `id` bigint NOT NULL AUTO_INCREMENT,
  `user_id` bigint NOT NULL COMMENT '接收通知的用户ID',
  `question_id` bigint NULL DEFAULT NULL COMMENT '相关问题ID',
  `answer_id` bigint NULL DEFAULT NULL COMMENT '相关回答ID',
  `type` varchar(20) CHARACTER SET utf8mb4 COLLATE utf8mb4_0900_ai_ci NOT NULL COMMENT '通知类型: LIKE/ANSWER',
  `title` varchar(200) CHARACTER SET utf8mb4 COLLATE utf8mb4_0900_ai_ci NULL DEFAULT NULL COMMENT '通知标题',
  `content` varchar(500) CHARACTER SET utf8mb4 COLLATE utf8mb4_0900_ai_ci NULL DEFAULT NULL COMMENT '通知内容',
  `is_read` tinyint(1) NULL DEFAULT 0 COMMENT '是否已读',
  `from_user_id` bigint NULL DEFAULT NULL COMMENT '触发通知的用户ID',
  `from_username` varchar(50) CHARACTER SET utf8mb4 COLLATE utf8mb4_0900_ai_ci NULL DEFAULT NULL COMMENT '触发通知的用户名',
  `created_at` datetime NULL DEFAULT CURRENT_TIMESTAMP,
  PRIMARY KEY (`id`) USING BTREE,
  INDEX `idx_user_id`(`user_id` ASC) USING BTREE,
  INDEX `idx_is_read`(`is_read` ASC) USING BTREE
) ENGINE = InnoDB AUTO_INCREMENT = 48 CHARACTER SET = utf8mb4 COLLATE = utf8mb4_0900_ai_ci COMMENT = '消息通知表' ROW_FORMAT = DYNAMIC;

-- ----------------------------
-- Records of notification
-- ----------------------------
INSERT INTO `notification` VALUES (1, 1, 12, NULL, 'LIKE', '问题获得点赞', 'zhangsan 赞了你的问题：「法国岁的法国岁的法国」', 1, 6, 'zhangsan', '2026-03-09 21:19:09');
INSERT INTO `notification` VALUES (2, 1, 12, 13, 'ANSWER', '问题有新回答', 'zhangsan 回答了你的问题：「法国岁的法国岁的法国」', 1, 6, 'zhangsan', '2026-03-09 21:19:19');
INSERT INTO `notification` VALUES (3, 1, 12, NULL, 'LIKE', '问题获得点赞', 'zhangsan 赞了你的问题：「法国岁的法国岁的法国」', 1, 6, 'zhangsan', '2026-03-09 21:19:25');
INSERT INTO `notification` VALUES (4, 1, 13, NULL, 'LIKE', '问题获得点赞', 'zhangsan 赞了你的问题：「是粉红色的符合规定规范和父母年纪的规划」', 1, 6, 'zhangsan', '2026-03-09 21:19:29');
INSERT INTO `notification` VALUES (5, 1, 13, 14, 'ANSWER', '问题有新回答', 'zhangsan 回答了你的问题：「是粉红色的符合规定规范和父母年纪的规划」', 1, 6, 'zhangsan', '2026-03-09 21:19:33');
INSERT INTO `notification` VALUES (6, 1, 11, NULL, 'LIKE', '问题获得点赞', 'zhangsan 赞了你的问题：「测试312」', 1, 6, 'zhangsan', '2026-03-09 21:50:35');
INSERT INTO `notification` VALUES (7, 1, 11, NULL, 'LIKE', '问题获得点赞', 'zhangsan 赞了你的问题：「测试312」', 1, 6, 'zhangsan', '2026-03-09 21:50:36');
INSERT INTO `notification` VALUES (8, 1, 11, 15, 'ANSWER', '问题有新回答', 'zhangsan 回答了你的问题：「测试312」', 1, 6, 'zhangsan', '2026-03-09 21:50:41');
INSERT INTO `notification` VALUES (9, 1, 11, 16, 'ANSWER', '问题有新回答', 'zhangsan 回答了你的问题：「测试312」', 1, 6, 'zhangsan', '2026-03-09 21:50:43');
INSERT INTO `notification` VALUES (10, 1, 13, NULL, 'LIKE', '问题获得点赞', 'zhangsan 赞了你的问题：「是粉红色的符合规定规范和父母年纪的规划」', 1, 6, 'zhangsan', '2026-03-09 22:50:19');
INSERT INTO `notification` VALUES (11, 1, 13, 17, 'ANSWER', '问题有新回答', 'zhangsan 回答了你的问题：「是粉红色的符合规定规范和父母年纪的规划」', 1, 6, 'zhangsan', '2026-03-09 22:50:24');
INSERT INTO `notification` VALUES (12, 1, 13, 18, 'ANSWER', '问题有新回答', 'zhangsan 回答了你的问题：「是粉红色的符合规定规范和父母年纪的规划」', 1, 6, 'zhangsan', '2026-03-09 22:50:27');
INSERT INTO `notification` VALUES (13, 1, 11, 19, 'ANSWER', '问题有新回答', 'zhangsan 回答了你的问题：「测试312」', 1, 6, 'zhangsan', '2026-03-09 22:50:37');
INSERT INTO `notification` VALUES (14, 1, 15, 20, 'ANSWER', '问题有新回答', 'wanger 回答了你的问题：「测试测试测试测试」', 0, 9, 'wanger', '2026-04-04 14:47:55');
INSERT INTO `notification` VALUES (15, 1, 15, NULL, 'LIKE', '问题获得点赞', 'wanger 赞了你的问题：「测试测试测试测试」', 0, 9, 'wanger', '2026-04-04 14:48:10');
INSERT INTO `notification` VALUES (16, 6, 14, 21, 'ANSWER', '问题有新回答', 'admin 回答了你的问题：「测试问题标题」', 0, 1, 'admin', '2026-04-04 16:23:21');
INSERT INTO `notification` VALUES (17, 6, 14, 22, 'ANSWER', '问题有新回答', 'admin 回答了你的问题：「测试问题标题」', 0, 1, 'admin', '2026-04-04 16:23:23');
INSERT INTO `notification` VALUES (18, 9, 17, NULL, 'CHAT', '新消息', '在[滚滚滚]中，zhangsan于08:54发起了聊天：滴滴滴滴滴滴滴', 0, 6, 'zhangsan', '2026-04-05 16:54:47');
INSERT INTO `notification` VALUES (19, 6, NULL, NULL, 'CHAT', '新消息', 'wanger于08:55发起了聊天：吃饭饭刚刚', 0, 9, 'wanger', '2026-04-05 16:55:59');
INSERT INTO `notification` VALUES (20, 6, NULL, NULL, 'CHAT', '新消息', 'wanger于08:56发起了聊天：测试', 0, 9, 'wanger', '2026-04-05 16:56:15');
INSERT INTO `notification` VALUES (21, 9, 17, NULL, 'CHAT', '新消息', '在[滚滚滚]中，zhangsan于08:56发起了聊天：发发发', 0, 6, 'zhangsan', '2026-04-05 16:56:47');
INSERT INTO `notification` VALUES (22, 6, NULL, NULL, 'CHAT', '新消息', 'wanger于08:56发起了聊天：vvvv', 0, 9, 'wanger', '2026-04-05 16:56:57');
INSERT INTO `notification` VALUES (23, 6, NULL, NULL, 'CHAT', '新消息', 'wanger于08:57发起了聊天：不尴尬', 0, 9, 'wanger', '2026-04-05 16:57:19');
INSERT INTO `notification` VALUES (24, 9, 17, NULL, 'CHAT', '新消息', '在[滚滚滚]中，zhangsan于08:57发起了聊天：热热热', 0, 6, 'zhangsan', '2026-04-05 16:57:29');
INSERT INTO `notification` VALUES (25, 6, NULL, NULL, 'CHAT', '新消息', 'wanger于08:59发起了聊天：买面膜', 0, 9, 'wanger', '2026-04-05 16:59:35');
INSERT INTO `notification` VALUES (26, 6, NULL, NULL, 'CHAT', '新消息', 'wanger于09:01发起了聊天：滚滚滚', 0, 9, 'wanger', '2026-04-05 17:01:25');
INSERT INTO `notification` VALUES (27, 9, NULL, NULL, 'CHAT', '新消息', 'zhangsan于09:01发起了聊天：对对对', 0, 6, 'zhangsan', '2026-04-05 17:01:35');
INSERT INTO `notification` VALUES (28, 9, 17, NULL, 'LIKE', '问题获得点赞', 'admin 赞了你的问题：「滚滚滚」', 0, 1, 'admin', '2026-04-05 17:09:45');
INSERT INTO `notification` VALUES (29, 9, 17, NULL, 'CHAT', '新消息', '在[滚滚滚]中，admin于10:05发起了聊天：但还是国防大厦', 0, 1, 'admin', '2026-04-05 18:05:43');
INSERT INTO `notification` VALUES (30, 1, NULL, NULL, 'CHAT', '新消息', 'wanger于10:09发起了聊天：哈哈哈哈', 0, 9, 'wanger', '2026-04-05 18:09:19');
INSERT INTO `notification` VALUES (31, 1, NULL, NULL, 'CHAT', '新消息', 'wanger于10:11发起了聊天：u哈哈宝宝', 0, 9, 'wanger', '2026-04-05 18:11:14');
INSERT INTO `notification` VALUES (32, 1, 16, NULL, 'CHAT', '新消息', '在[档次风格和]中，wanger于11:55发起了聊天：姐姐啊十多块放假啊四六级', 0, 9, 'wanger', '2026-04-05 19:55:51');
INSERT INTO `notification` VALUES (33, 9, NULL, NULL, 'CHAT', '新消息', 'admin于11:59发起了聊天：阿斯顿发生发生', 0, 1, 'admin', '2026-04-05 19:59:10');
INSERT INTO `notification` VALUES (34, 1, 16, NULL, 'CHAT', '新消息', '在[档次风格和]中，wanger于12:02发起了聊天：发给撒格桑', 0, 9, 'wanger', '2026-04-05 20:02:03');
INSERT INTO `notification` VALUES (35, 1, 16, NULL, 'CHAT', '新消息', '在[档次风格和]中，wanger于12:02发起了聊天：大沙发沙发', 0, 9, 'wanger', '2026-04-05 20:02:19');
INSERT INTO `notification` VALUES (36, 1, 16, NULL, 'CHAT', '新消息', '在[档次风格和]中，wanger于12:02发起了聊天：阿瑟发啊发阿飞啊大哥哥去啊让他我前任', 0, 9, 'wanger', '2026-04-05 20:02:37');
INSERT INTO `notification` VALUES (37, 9, NULL, NULL, 'CHAT', '新消息', 'zhangsan于12:31发起了聊天：jjj神经病舍不得', 0, 6, 'zhangsan', '2026-04-05 20:31:05');
INSERT INTO `notification` VALUES (38, 9, NULL, NULL, 'CHAT', '新消息', 'zhangsan于12:31发起了聊天：哈哈镜', 0, 6, 'zhangsan', '2026-04-05 20:31:14');
INSERT INTO `notification` VALUES (39, 6, NULL, NULL, 'CHAT', '新消息', 'wanger于12:40发起了聊天：哈哈哈姐妹们', 0, 9, 'wanger', '2026-04-05 20:40:34');
INSERT INTO `notification` VALUES (40, 9, NULL, NULL, 'CHAT', '新消息', 'admin于16:28发起了聊天：啊手动阀', 0, 1, 'admin', '2026-04-06 00:29:00');
INSERT INTO `notification` VALUES (41, 1, NULL, NULL, 'CHAT', '新消息', 'wanger于16:30发起了聊天：舒服舒服副食商店', 0, 9, 'wanger', '2026-04-06 00:30:19');
INSERT INTO `notification` VALUES (42, 9, NULL, NULL, 'CHAT', '新消息', 'admin于16:31发起了聊天：阿凡达是否', 0, 1, 'admin', '2026-04-06 00:31:39');
INSERT INTO `notification` VALUES (43, 1, NULL, NULL, 'CHAT', '新消息', 'wanger于16:31发起了聊天：低调低调', 0, 9, 'wanger', '2026-04-06 00:32:00');
INSERT INTO `notification` VALUES (44, 6, NULL, NULL, 'CHAT', '新消息', 'wanger于16:32发起了聊天：嘚瑟的', 0, 9, 'wanger', '2026-04-06 00:32:24');
INSERT INTO `notification` VALUES (45, 1, NULL, NULL, 'CHAT', '新消息', 'wanger于16:58发起了聊天：随时随地', 0, 9, 'wanger', '2026-04-06 00:58:16');
INSERT INTO `notification` VALUES (46, 9, NULL, NULL, 'CHAT', '新消息', 'admin于16:59发起了聊天：阿斯顿发顺丰委屈热污染', 0, 1, 'admin', '2026-04-06 00:59:07');
INSERT INTO `notification` VALUES (47, 1, NULL, NULL, 'CHAT', '新消息', 'wanger于16:59发起了聊天：发个嘚瑟', 0, 9, 'wanger', '2026-04-06 00:59:37');

-- ----------------------------
-- Table structure for points_config
-- ----------------------------
DROP TABLE IF EXISTS `points_config`;
CREATE TABLE `points_config`  (
  `id` bigint NOT NULL AUTO_INCREMENT,
  `first_chat_cost` int NULL DEFAULT 0,
  `repeat_chat_cost` int NULL DEFAULT 0,
  `message_cost` int NULL DEFAULT 0,
  `question_reward` int NULL DEFAULT 5,
  `answer_reward` int NULL DEFAULT 2,
  `first_contact_reward` int NULL DEFAULT 10,
  `repeat_contact_reward` int NULL DEFAULT 2,
  `reply_reward` int NULL DEFAULT 1,
  `created_at` datetime NULL DEFAULT CURRENT_TIMESTAMP,
  `updated_at` datetime NULL DEFAULT CURRENT_TIMESTAMP ON UPDATE CURRENT_TIMESTAMP,
  PRIMARY KEY (`id`) USING BTREE
) ENGINE = InnoDB AUTO_INCREMENT = 2 CHARACTER SET = utf8mb4 COLLATE = utf8mb4_0900_ai_ci ROW_FORMAT = Dynamic;

-- ----------------------------
-- Records of points_config
-- ----------------------------
INSERT INTO `points_config` VALUES (1, 5, 3, 1, 5, 3, 5, 3, 1, '2026-04-04 03:09:58', '2026-04-04 11:43:55');

-- ----------------------------
-- Table structure for question
-- ----------------------------
DROP TABLE IF EXISTS `question`;
CREATE TABLE `question`  (
  `id` bigint NOT NULL AUTO_INCREMENT COMMENT '主键ID',
  `title` varchar(200) CHARACTER SET utf8mb4 COLLATE utf8mb4_unicode_ci NOT NULL COMMENT '标题',
  `content` text CHARACTER SET utf8mb4 COLLATE utf8mb4_unicode_ci NOT NULL COMMENT '内容',
  `user_id` bigint NOT NULL COMMENT '作者ID',
  `view_count` int NULL DEFAULT 0 COMMENT '浏览量',
  `answer_count` int NULL DEFAULT 0 COMMENT '回答数',
  `vote_count` int NULL DEFAULT 0 COMMENT '点赞数',
  `status` varchar(20) CHARACTER SET utf8mb4 COLLATE utf8mb4_unicode_ci NULL DEFAULT 'OPEN' COMMENT '状态：OPEN/CLOSED',
  `created_at` datetime NULL DEFAULT CURRENT_TIMESTAMP COMMENT '创建时间',
  `updated_at` datetime NULL DEFAULT CURRENT_TIMESTAMP ON UPDATE CURRENT_TIMESTAMP COMMENT '更新时间',
  PRIMARY KEY (`id`) USING BTREE,
  INDEX `idx_user_id`(`user_id` ASC) USING BTREE,
  INDEX `idx_created_at`(`created_at` ASC) USING BTREE,
  INDEX `idx_view_count`(`view_count` ASC) USING BTREE,
  CONSTRAINT `fk_question_user` FOREIGN KEY (`user_id`) REFERENCES `user` (`id`) ON DELETE CASCADE ON UPDATE RESTRICT
) ENGINE = InnoDB AUTO_INCREMENT = 19 CHARACTER SET = utf8mb4 COLLATE = utf8mb4_unicode_ci COMMENT = '问题表' ROW_FORMAT = DYNAMIC;

-- ----------------------------
-- Records of question
-- ----------------------------
INSERT INTO `question` VALUES (7, '测试哈哈哈', '这是测试数据哦', 6, 37, 1, 7, 'OPEN', '2026-02-07 01:07:46', '2026-02-07 01:07:46');
INSERT INTO `question` VALUES (8, 'asdfawsdfasf', '法沙发沙发哇  阿斯顿发顺丰', 1, 40, 1, 11, 'OPEN', '2026-02-11 22:53:31', '2026-02-11 22:53:31');
INSERT INTO `question` VALUES (9, '再次测试标题内容', '测试问题详情内容', 6, 56, 2, 1, 'OPEN', '2026-02-12 01:05:15', '2026-02-12 01:05:15');
INSERT INTO `question` VALUES (10, '测试标题', '测试详情测试详情测试详情测试详情测试详情测试详情测试详情测试详情测试详情测试详情测试详情测试详情测试详情测试详情测试详情', 1, 9, 1, 2, 'OPEN', '2026-03-04 11:16:53', '2026-03-04 11:16:53');
INSERT INTO `question` VALUES (11, '测试312', '这是测试', 1, 9, 3, 2, 'OPEN', '2026-03-08 23:34:11', '2026-03-08 23:34:11');
INSERT INTO `question` VALUES (12, '法国岁的法国岁的法国', '如果士大夫敢死队风格萨格', 1, 2, 1, 1, 'OPEN', '2026-03-09 21:14:18', '2026-03-09 21:14:18');
INSERT INTO `question` VALUES (13, '是粉红色的符合规定规范和父母年纪的规划', '东方化工受到广泛的但是士大夫敢死队风格撒打发岁的法国受到广泛', 1, 10, 3, 1, 'OPEN', '2026-03-09 21:14:30', '2026-03-09 21:14:30');
INSERT INTO `question` VALUES (14, '测试问题标题', '测试问题描述', 6, 12, 2, 0, 'OPEN', '2026-04-04 10:04:12', '2026-04-04 10:04:12');
INSERT INTO `question` VALUES (15, '测试测试测试测试', '法撒旦发撒法撒旦发撒发十分大师傅', 1, 17, 1, 1, 'OPEN', '2026-04-04 11:49:36', '2026-04-04 11:49:36');
INSERT INTO `question` VALUES (16, '档次风格和', '从v根本很难', 1, 13, 0, 0, 'OPEN', '2026-04-04 22:23:56', '2026-04-04 22:23:56');
INSERT INTO `question` VALUES (17, '滚滚滚', '哥GV滚滚滚', 9, 15, 0, 1, 'OPEN', '2026-04-04 22:26:28', '2026-04-04 22:26:28');
INSERT INTO `question` VALUES (18, '啊士大夫文人3人', '认同他3 萨顶顶给发顺丰的', 1, 1, 0, 0, 'OPEN', '2026-04-05 20:03:21', '2026-04-05 20:03:21');

-- ----------------------------
-- Table structure for question_tag
-- ----------------------------
DROP TABLE IF EXISTS `question_tag`;
CREATE TABLE `question_tag`  (
  `id` bigint NOT NULL AUTO_INCREMENT COMMENT '主键ID',
  `question_id` bigint NOT NULL COMMENT '问题ID',
  `tag_id` bigint NOT NULL COMMENT '标签ID',
  PRIMARY KEY (`id`) USING BTREE,
  UNIQUE INDEX `uk_question_tag`(`question_id` ASC, `tag_id` ASC) USING BTREE,
  INDEX `idx_question_id`(`question_id` ASC) USING BTREE,
  INDEX `idx_tag_id`(`tag_id` ASC) USING BTREE,
  CONSTRAINT `fk_question_tag_question` FOREIGN KEY (`question_id`) REFERENCES `question` (`id`) ON DELETE CASCADE ON UPDATE RESTRICT,
  CONSTRAINT `fk_question_tag_tag` FOREIGN KEY (`tag_id`) REFERENCES `tag` (`id`) ON DELETE CASCADE ON UPDATE RESTRICT
) ENGINE = InnoDB AUTO_INCREMENT = 26 CHARACTER SET = utf8mb4 COLLATE = utf8mb4_unicode_ci COMMENT = '问题标签关联表' ROW_FORMAT = DYNAMIC;

-- ----------------------------
-- Records of question_tag
-- ----------------------------
INSERT INTO `question_tag` VALUES (7, 7, 1);
INSERT INTO `question_tag` VALUES (8, 8, 1);
INSERT INTO `question_tag` VALUES (9, 8, 2);
INSERT INTO `question_tag` VALUES (10, 9, 10);
INSERT INTO `question_tag` VALUES (17, 10, 1);
INSERT INTO `question_tag` VALUES (18, 11, 1);
INSERT INTO `question_tag` VALUES (19, 12, 1);
INSERT INTO `question_tag` VALUES (20, 13, 2);
INSERT INTO `question_tag` VALUES (21, 14, 1);
INSERT INTO `question_tag` VALUES (22, 15, 2);
INSERT INTO `question_tag` VALUES (23, 16, 2);
INSERT INTO `question_tag` VALUES (24, 17, 1);
INSERT INTO `question_tag` VALUES (25, 18, 2);

-- ----------------------------
-- Table structure for system_config
-- ----------------------------
DROP TABLE IF EXISTS `system_config`;
CREATE TABLE `system_config`  (
  `id` bigint NOT NULL AUTO_INCREMENT COMMENT '主键ID',
  `site_name` varchar(100) CHARACTER SET utf8mb4 COLLATE utf8mb4_unicode_ci NOT NULL DEFAULT 'TechQA' COMMENT '网站名称',
  `site_description` varchar(500) CHARACTER SET utf8mb4 COLLATE utf8mb4_unicode_ci NULL DEFAULT NULL COMMENT '网站描述',
  `background_type` varchar(20) CHARACTER SET utf8mb4 COLLATE utf8mb4_unicode_ci NOT NULL DEFAULT 'gradient' COMMENT '背景类型: gradient-渐变, image-图片, color-纯色',
  `background_value` text CHARACTER SET utf8mb4 COLLATE utf8mb4_unicode_ci NULL COMMENT '背景值: 渐变CSS或图片URL或颜色值',
  `layout_type` varchar(20) CHARACTER SET utf8mb4 COLLATE utf8mb4_unicode_ci NOT NULL DEFAULT 'default' COMMENT '布局类型: default-默认, compact-紧凑, wide-宽屏',
  `logo_url` varchar(500) CHARACTER SET utf8mb4 COLLATE utf8mb4_unicode_ci NULL DEFAULT NULL COMMENT 'Logo图片URL',
  `favicon_url` varchar(500) CHARACTER SET utf8mb4 COLLATE utf8mb4_unicode_ci NULL DEFAULT NULL COMMENT '网站图标URL',
  `primary_color` varchar(20) CHARACTER SET utf8mb4 COLLATE utf8mb4_unicode_ci NOT NULL DEFAULT '#ec4899' COMMENT '主题色',
  `secondary_color` varchar(20) CHARACTER SET utf8mb4 COLLATE utf8mb4_unicode_ci NOT NULL DEFAULT '#8b5cf6' COMMENT '辅助色',
  `created_at` datetime NOT NULL DEFAULT CURRENT_TIMESTAMP COMMENT '创建时间',
  `updated_at` datetime NOT NULL DEFAULT CURRENT_TIMESTAMP ON UPDATE CURRENT_TIMESTAMP COMMENT '更新时间',
  PRIMARY KEY (`id`) USING BTREE
) ENGINE = InnoDB AUTO_INCREMENT = 2 CHARACTER SET = utf8mb4 COLLATE = utf8mb4_unicode_ci COMMENT = '系统配置表' ROW_FORMAT = Dynamic;

-- ----------------------------
-- Records of system_config
-- ----------------------------
INSERT INTO `system_config` VALUES (1, 'IT技术问答社区', '探索技术前沿 · 分享编程智慧 · 共同成长进步', 'image', '/uploads/images/09ec37d8-632f-4d5d-b680-2829809f82ba.jpg', 'wide', '', '', '#a380f4', '#e566b7', '2026-03-30 07:04:57', '2026-04-06 00:56:05');

-- ----------------------------
-- Table structure for tag
-- ----------------------------
DROP TABLE IF EXISTS `tag`;
CREATE TABLE `tag`  (
  `id` bigint NOT NULL AUTO_INCREMENT COMMENT '主键ID',
  `name` varchar(50) CHARACTER SET utf8mb4 COLLATE utf8mb4_unicode_ci NOT NULL COMMENT '标签名称',
  `description` varchar(255) CHARACTER SET utf8mb4 COLLATE utf8mb4_unicode_ci NULL DEFAULT NULL COMMENT '标签描述',
  `created_at` datetime NULL DEFAULT CURRENT_TIMESTAMP COMMENT '创建时间',
  PRIMARY KEY (`id`) USING BTREE,
  UNIQUE INDEX `uk_name`(`name` ASC) USING BTREE
) ENGINE = InnoDB AUTO_INCREMENT = 13 CHARACTER SET = utf8mb4 COLLATE = utf8mb4_unicode_ci COMMENT = '标签表' ROW_FORMAT = DYNAMIC;

-- ----------------------------
-- Records of tag
-- ----------------------------
INSERT INTO `tag` VALUES (1, 'Java', 'Java编程语言', '2026-02-05 21:36:35');
INSERT INTO `tag` VALUES (2, 'Spring', 'Spring框架', '2026-02-05 21:36:35');
INSERT INTO `tag` VALUES (3, 'MySQL', 'MySQL数据库', '2026-02-05 21:36:35');
INSERT INTO `tag` VALUES (4, 'Redis', 'Redis缓存', '2026-02-05 21:36:35');
INSERT INTO `tag` VALUES (5, 'Docker', 'Docker容器', '2026-02-05 21:36:35');
INSERT INTO `tag` VALUES (6, 'Kubernetes', 'Kubernetes容器编排', '2026-02-05 21:36:35');
INSERT INTO `tag` VALUES (7, 'React', 'React前端框架', '2026-02-05 21:36:35');
INSERT INTO `tag` VALUES (8, 'Vue', 'Vue前端框架', '2026-02-05 21:36:35');
INSERT INTO `tag` VALUES (9, 'Python', 'Python编程语言', '2026-02-05 21:36:35');
INSERT INTO `tag` VALUES (10, 'Go', 'Go编程语言', '2026-02-05 21:36:35');

-- ----------------------------
-- Table structure for user
-- ----------------------------
DROP TABLE IF EXISTS `user`;
CREATE TABLE `user`  (
  `id` bigint NOT NULL AUTO_INCREMENT COMMENT '主键ID',
  `username` varchar(50) CHARACTER SET utf8mb4 COLLATE utf8mb4_unicode_ci NOT NULL COMMENT '用户名',
  `password` varchar(100) CHARACTER SET utf8mb4 COLLATE utf8mb4_unicode_ci NOT NULL COMMENT '密码',
  `email` varchar(100) CHARACTER SET utf8mb4 COLLATE utf8mb4_unicode_ci NOT NULL COMMENT '邮箱',
  `avatar` mediumtext CHARACTER SET utf8mb4 COLLATE utf8mb4_unicode_ci NULL,
  `bio` varchar(255) CHARACTER SET utf8mb4 COLLATE utf8mb4_unicode_ci NULL DEFAULT NULL COMMENT '个人简介',
  `gender` varchar(10) CHARACTER SET utf8mb4 COLLATE utf8mb4_unicode_ci NULL DEFAULT NULL COMMENT '性别：MALE/FEMALE/OTHER',
  `age` int NULL DEFAULT NULL COMMENT '年龄',
  `phone` varchar(20) CHARACTER SET utf8mb4 COLLATE utf8mb4_unicode_ci NULL DEFAULT NULL COMMENT '手机号',
  `role` varchar(20) CHARACTER SET utf8mb4 COLLATE utf8mb4_unicode_ci NULL DEFAULT 'USER' COMMENT '角色：USER/ADMIN',
  `points` int NULL DEFAULT 0 COMMENT '积分',
  `security_question` varchar(100) CHARACTER SET utf8mb4 COLLATE utf8mb4_unicode_ci NULL DEFAULT NULL COMMENT '密保问题',
  `security_answer` varchar(100) CHARACTER SET utf8mb4 COLLATE utf8mb4_unicode_ci NULL DEFAULT NULL COMMENT '密保答案',
  `login_token` varchar(255) CHARACTER SET utf8mb4 COLLATE utf8mb4_unicode_ci NULL DEFAULT NULL,
  `login_time` datetime NULL DEFAULT NULL,
  `created_at` datetime NULL DEFAULT CURRENT_TIMESTAMP COMMENT '创建时间',
  `updated_at` datetime NULL DEFAULT CURRENT_TIMESTAMP ON UPDATE CURRENT_TIMESTAMP COMMENT '更新时间',
  PRIMARY KEY (`id`) USING BTREE,
  UNIQUE INDEX `uk_username`(`username` ASC) USING BTREE,
  UNIQUE INDEX `uk_email`(`email` ASC) USING BTREE,
  INDEX `idx_login_token`(`login_token` ASC) USING BTREE
) ENGINE = InnoDB AUTO_INCREMENT = 12 CHARACTER SET = utf8mb4 COLLATE = utf8mb4_unicode_ci COMMENT = '用户表' ROW_FORMAT = DYNAMIC;

-- ----------------------------
-- Records of user
-- ----------------------------
INSERT INTO `user` VALUES (1, 'admin', '0192023a7bbd73250516f069df18b500', 'admin@example.com', 'data:image/jpeg;base64,/9j/4AAQSkZJRgABAQAAAQABAAD/4gHYSUNDX1BST0ZJTEUAAQEAAAHIAAAAAAQwAABtbnRyUkdCIFhZWiAH4AABAAEAAAAAAABhY3NwAAAAAAAAAAAAAAAAAAAAAAAAAAAAAAAAAAAAAQAA9tYAAQAAAADTLQAAAAAAAAAAAAAAAAAAAAAAAAAAAAAAAAAAAAAAAAAAAAAAAAAAAAAAAAAAAAAAAAAAAAlkZXNjAAAA8AAAACRyWFlaAAABFAAAABRnWFlaAAABKAAAABRiWFlaAAABPAAAABR3dHB0AAABUAAAABRyVFJDAAABZAAAAChnVFJDAAABZAAAAChiVFJDAAABZAAAAChjcHJ0AAABjAAAADxtbHVjAAAAAAAAAAEAAAAMZW5VUwAAAAgAAAAcAHMAUgBHAEJYWVogAAAAAAAAb6IAADj1AAADkFhZWiAAAAAAAABimQAAt4UAABjaWFlaIAAAAAAAACSgAAAPhAAAts9YWVogAAAAAAAA9tYAAQAAAADTLXBhcmEAAAAAAAQAAAACZmYAAPKnAAANWQAAE9AAAApbAAAAAAAAAABtbHVjAAAAAAAAAAEAAAAMZW5VUwAAACAAAAAcAEcAbwBvAGcAbABlACAASQBuAGMALgAgADIAMAAxADb/2wBDAAYEBQYFBAYGBQYHBwYIChAKCgkJChQODwwQFxQYGBcUFhYaHSUfGhsjHBYWICwgIyYnKSopGR8tMC0oMCUoKSj/2wBDAQcHBwoIChMKChMoGhYaKCgoKCgoKCgoKCgoKCgoKCgoKCgoKCgoKCgoKCgoKCgoKCgoKCgoKCgoKCgoKCgoKCj/wAARCABwAMgDASIAAhEBAxEB/8QAHAAAAgIDAQEAAAAAAAAAAAAABQYEBwACAwgB/8QAORAAAgEDAwIFAQYFAgcBAAAAAQIDAAQRBRIhBjETIkFRYRQHMkJxgZEVI6Gx0XLBJTRDUoLh8PH/xAAZAQADAQEBAAAAAAAAAAAAAAACAwQBBQD/xAAkEQACAgIBBAIDAQAAAAAAAAAAAQIRAyESBCIxURNBIzJhQv/aAAwDAQACEQMRAD8AvOytUuIFYiu02lo4HArfQG3WKGiVTY8boZKQv3ejoIGwB2pWv9O2KTtqyGAIwe1CdVtUEBOKfGTjpgC1p0IXTEyPU1AvY/53Ax+dMtnADaKB2ya5S6dFI+6QkAVlqyhLtQsmBigwwH/jUW7sneMgkHJHpTaYLCCye4liZ0VtvHJNTH062wrLHgjupNHYDK7WxAmjVh60SuYEjQD8RHHGcUb1iXTtPlQXFrIXIypB4r4s0EcH1DxlQw8qHk07HByJ8mXgvJB02J0TfkhvQlSM/lRIX88IzJbo6+pGM0LebUb2UiA+Ch7Ko5/U1lzp1/FCXlvyPggGro414Zzp5LJb6tBvLRrsb1U8ZoDqM8O+Ro8FWIYD0zQbWLm6gJLDxR/3BdppZv8AWmED+YjAPf0pkopC42yxlt4J7JDGBgHy/kRQix10+LPZ3PLJnaRQ3pTqGOfTyjuA684NCLi8WC4klHMk75HwtJnCMlsfinKDodplVIwT3AGaXNXuDJIqKPLmjGj67pd3bJFco28LglWzu/KmCHRtHvVSSOGQ8ZB3mpK4vZ0OXJaESVCLV+PQ0s6Q/ldTnyk1afUGmWFrYXGI2UrEzjkntVRpfRwB3WNyo70cHtMCfgMoA24/NQNTgmlTbbuF55zWWOpLcKWVCqk+tSt245qiUea0JhLg9nyFSEVD3AxXO6t3cYAzXaE5mArrO20Eqee9DjhcGFknU0iFb2Xhx5bvWVmmXEs1nLvkLEPgbucVlJuPob3Ho/pp82gFGqWOlJf5CimbNRR02g2YaH6z/wAo1EM1B1Zd1o9edHkD9L5skPyf71w1qTw7U7Tgk4qRpOBYrn3P96+arbePYyYGSOaD/RSv1A8DZ6fkeQZ2yhj+hBpW1q/e61G5e3klDSFQAg48pBWmZJB/BpoCWRmf2+92yB84qNJZabZzK6z7sjDByO9UwW7ETlqjo98uqXCbrdVaMZc53BfisjQXVyjvnwy21QPRc8mt0+l2kI6Ivchah3WuadZzx2sbiS4IwkUf3jVmKNfRzs07YTiMsVxEPp5II03GRs7lbjjBqDf6il1erZ2hDzsfzwPX8qGXDapqkRZm+jtSfLGn3iPcmi2gafBo0D3M2FkYcs34R7VR+qv7Jn3v0jndaDbxxtNespCqWd27AVQXW19Pda1cGCJ4rBPJEmMcD8R+TV4anfyazJsjLLaD0xjf8n4+KgX2gWl5CUmiU5GM4qbJnb0X4elpcmURp98IZy1q0oiIGN/f57fNStW1KYrJPJkDAAUe1NvUHSsGnMHhU+CTg+4pS162+jMkLHcpXKk+1FB8o2DkjxlRw0fqBRIMZB/OrU6N6lbxo4nfyn0NUHaxlXIUDIbk/FOeiTSwyIwb7poE+aphNcHaLq6rvEmsrjsR9O+f6VXGjtbvHKsgUk+h9qL3t60+h3TZO7wiv9AKR7CCXcxV2B9xXscvjlbQWSLyRpMOvAsUpWLG3PGKkRKQvNRLeORR5mJPzRO3t5CnOOafCSk9CZxcUuRDPD/NfJ32W8jE9lNd7mBozzQq8aWTfAARuHelpODoa2p7I/TsxeG5wfxCsrTQYmtGuY5OCcEVlTjT0T0pLlVAp0U5ApB6SPlUetPML+UZqfIqkEnaO/pXC7G63YfFdqBdX3U1tYRGByjPJtyPyNBR42s18OAD5NTI8GFt3b1pL0+4vBqEIluneMtyueDTlAQYjntmglGmUp6oV+rt0PRd1sJDbwOPbdS9FqdjNo8SwWkkc7DYBIx9Bye9WFcJA2mSC5gE8QJYx4znmlTX9PtrfS1kjgWORs5I/Avt/WqML1RPm8tlQa/NObiCETyl7huEDnG30pt+znR431Ga6IBW3Xw8rwCxpK6hkNvqtpeyqQviZAx2UcVaXTKJp2lRw25IeZjKxPcbv98YqpXzENx+JpeRlmkigBYlSyDt6L+dIWp9R/xW4ZLVlngQ+YIwzj3x/tRPqKeV9Ja0sctNMxRmHoPX/FKeidIPY6ilzEZAzE7wR3B9/wClMzZEo0nsDpunblyktDtpUsUturRZA9QRgipjMAKjXNs2nWAmkQqG+7x3qv8AqHqn6O5MZuJ43HcRpuA/OoU2zpNUrGrqJFns5VPqpqoeuRvuY1Q4KEox/QU62utyXdp4rTx3EPqdu1l+CKrzVZzcQiUnJeV2z78n/NU4n2sj6hd0QdHYkQCVMsDwR7Ub09cFh7AVr0wPGMiO2E2nIPrUy3h8IyE9gT/itgBJB+7yujSyejRgGg+jEOzmjF6AemQxyR5Qf3oToSfy3cep7UDf0MoLxqGc59qkCeWMgIFKj0ND5pjE+R6iucE8hkwTnNUYmlERlTb/AIEnmVn33BAx2AFQNQvgMmJRge9azMd5BNQ7geQ5prkxSSIS3heZnYAE+1ZUYKplYKeKyopPZbBdpf8A0pcASKpp7imG0HPFVHpGoi2uAM49Kd7XUxJGNpoM0GpAYppxHKKTcKXuuc/Q22373jDH7Gp2nXBkxQzrqTZYWre0w/saQl3DQDeJcWkELKy7g2Sw9DTdoviHT0aaQSM3myPT4pL1a8h2GOW4KvkeQxkYps6edP4SpRiy7jyPWta/GMvvoJSKrRMh4Ugg0n9TAzypbjO31+aamLYweM0i9YaitsTtI8Q5C/5rcC2L6h1ErbrK+VNQgis1VSr4MpGT87fb8+9OiTCx07T0mf8AnTKoPPOTjJ/rVePAdS1dG58CNtpPpz3/AKUc1e9+r+0WGyZiLeKER4B7c7j/AGH7VbsjjSqy09H06IzSuqjbF5FH96O2lmhkDMin9KXelL173S5XtWQyl93n7dhjNFL3qC0so2hu91vOBwX4Qn/V2qHJqbs7GFSnBKCB/Wr+LeQW7fdQZxSFq+g20rmbwUZuTyB696YGne7vZbuW5SYOcKUIIA+Kha1fQWdpJLM6oiKSST2ooycdoJ44SXGZWmtxppaXRZwslyS21ewHrSdNL4mn2wTurE9vQ196j11tavJngQiPO0E9yK1t1AKxn8DAH9hT8XhnP6iSckkMWh2TTHNucFud3sKZYtFiVAHZmbPJzwKidK2bpGzxuCucYqbqouba6M0YdonAUgdgfSvWer2a6jGY7N7dlzGzqQR2HNcPpltUGwYUntXG9ubhbV3nTaQ6nbn0zUiSf6i1V9u3zCvI89Ea5Tdg10iRQAQOa+yDKGuTzBYzg8gUSdMFrR1e3eTlRUK7uPB8kkJz81I0+6eQ+Z631tFMaKfvZzVLknFyiTKLUuMhZklj8csq7M+lZXW1tvG1GOM8jPaspEcUsm0OeVQ0WNb2Ukl0PQZp10y2ZEHsKgw2TxSAlaYLUbVAIo+qyxlqJP0kJxVyDmlJtC0O6+z/AAu3I9Jc/wBDRSwcBQK56/aHULVEDKNjbjn8qgT7rZf9CBql1DqLpJjaxZQR7e9O3TK/8IAjPZzjNLcvT0hd5t6YjwSFGKYumnSLSwHcL5z3OKdJL4tewE38qT9EfW9XltHaN4vDO3O7OeKrLVhc6lO7AcSMFGParJ6hQT3xjfkLGDj8yf8AFcLazgZAgVMqMggAUEZqPhDpYbXJsR/4IkFgVRdoLgE0qTRFep7zUH+7vKKf/D/3VmandKbOSFQAysSPfPtVT6rqaR6ddJcYR4pv1b1FWRapNnOadtIZfsf1meO4bexe2ceG477SCcH9iKsrqqG1uLcMz5bHHPeqy+wuFXdnYEq0hfkf/fFPfXmFCiIbG5yV4zUGVpybOt09wiqYl6lcabokLzsFTaCfL/iqp6q6ouuoZDFHuisQfuHu/wCf+KbOqbSSexmRcs7jHNJEWlyrhSvm7Yo4QsX1GZt7ZxsLfJyq4TPrRSzhUyFu+ST+tay2sltDlmxj0xW1oC2CDge9U/rojXf4H3pOTdZSKBjawGffimCKaRbWa2OwpKQWBUHOPn0pZ6SdXt7hRnKuuf2qwOl5NPinlTVYWeN0JR1/Cc0uXsdH0xD1y3zBMqAbVxn9DXDAFqMdqZLmzhht9VaRgwdD4XHPfP8AagVvH4saoqlieAB6msT2a0DJrkJLsb2qLfFkTcpBBrnritDd7WBVhwQeCKivOTDtY14wy2uGWQbcE54olcTzyOrSqNqjAOaB2rD6hSTxmjFzODGQO9Zyfg3ins00ph/G4R7g/wBqyo2lvjWbc/J/tWV0OlfayHqb5HoGS5hJHIqbBcRYGSP3qvS8h/E1bi4mUYEjfvXP4WV2WVHfRIPvD963Ooxsv3hVZ/Uztxvb96LaRBNc8F2xQvHRqkOkEoms70rg4Uf70N03RUmT62W6eMA8qcbRg96naNaNa2d3+Muo4P61Sv2zdY3aEdPWr+FAnnuNhwXJ7Kfgf71qf42l7MaXyJv0WBrvXfTlpr0pfVYZIxEAWiDSAMCeMqCDSD1F9r8MMUi6Bat4pyBJOBgD3Cg9/wA6pa4uS3qaiPJkHnvSkhzm2XT0NqOsa61xLdziWPG9nYAcn0GKYNW0rTTo88l5DG0rneWPfOMcUnfZpqyW+hyp2LevyBUfVtZvtUC28assYO0sfU9qugkoqyCfKU2kPf2NXUCTX1vuCblxGfkH/wC/amvXWbU59qKd44I9M1WvSPTOr6c73UBEkLDcynjB9wfSrB0XVHSO7V9NvfqAoxIyAKQeOCTz+lQypu0dSOopM46dpFtcTPE6KWXjLdzmoJ0fSrQyNPCHnyQFAycfAFM1paJ9D4kh8K5dvN7j2FBdRuYbGznklKeO+QxroYV2JHI6iV5HRSP2galsu5IYYWiXJXkYpXsdZmgGHXevuOKIdb6gl7qTLHyAclvehdvD/Kx+ppGaXcU4Y1EeOiup7QXMsM7+C0m3bv4BIzxmrE+sGwFW4NefbhAi7vftxTn0FrMssT2U7lvD8yEnnb7UClfkb4LLupHmtJUB5ZSBQ63ha38MFucZ49DXVJ/5JPrigf8AFmnmjKZAU/vTY8eLvyBNy5KvBw6iUtch2JJJOSaHG3OzJOBRXXCHkh+TX26i/l+Vc4HpSmMIFrpqtHuDndX0WUyli4zngYPeilhtWMBqnK8LbNv3tw7ijx4+b8gznwQobXg1CLOVYGspm1WK3RhNIi5zgHFZVHxOGrJvkU90WpPo2E4FDm0ts/db9qtY2UJ7oK0bTrc90Fc9TaK6TK2ttKHGVo9o9mIW7Ypq/hsPoordbGGMAqvNY52eoirtgiZnIC4yc14u6v1NtV1/Ub5v+vM0gHsCeB+1ew+uJVsuj9YnHBS1kwfYlSB/evEl42ZW9s16JrIcrZHBrlnNZI3etYzkiiBZbHTr2qdKoikZAG/3ye9dRdRXGoQQ26gAEDApO6WOYb8TSlY1j8qk4BbP/qpHRurR2nUKi+I8JmADk/d/P4qic/xr+icULy7PVGiwG20KFBHlmUbhj0rS0WQ37oYnEDLjlSAMdu9TtOu4ri0ilhYMjqCCO1SvFX3FSJ1ove2AuobXEW+BtkuM4J4aq/6h8G30R7q7YGVsnBPb4p46yvoobVGZsHnsfTH/AOV5r6+6kur27+nSQiFRwM1binxx8mc7Pj5ZWkLOoSi51N2HI3VLXzIqA43dz8ULhBClvxMcCpxbZB5TliNoqWTtlMVSI+oSh2IX7o4FEOjJDHraDsGUg0ImGDipWhzrbapDI5wozk/pXkY/JcNvIPD70taejC7K845rtba5ZsoAds/6TUyyKSyeIgwKZZpprBKIjDuuK42mqPIdhUc8V11vmLA+KD2qlZN3tWHhjRSIw4GfitjdAAZjwa6WPNqhPc81H1BCFJ9O9HGbj4BlFS8ma+xNlC+c4kUmsrlqhZtGjABZztOAM1lPzPaf8EYlpo//2Q==', '系统管理员', 'MALE', 22, '13800138000', 'ADMIN', 1014, '您的父亲姓名是什么？', '糖糖', '41df8f1b885d4ab791388f06ac69bb17', '2026-04-05 23:28:44', '2026-02-05 21:36:35', '2026-04-06 00:59:04');
INSERT INTO `user` VALUES (6, 'zhangsan', 'e10adc3949ba59abbe56e057f20f883e', '1958476324@qq.com', 'data:image/jpeg;base64,/9j/4RvTRXhpZgAATU0AKgAAAAgAEAEAAAMAAAABB4AAAAEBAAMAAAABBQAAAAECAAMAAAADAAAAzgEGAAMAAAABAAIAAAEOAAIAAAALAAAA1AESAAMAAAABAAEAAAEVAAMAAAABAAMAAAEaAAUAAAABAAAA3wEbAAUAAAABAAAA5wEoAAMAAAABAAIAAAExAAIAAAAeAAAA7wEyAAIAAAAUAAABDQE7AAIAAAAZAAABIQITAAMAAAABAAEAAIKYAAIAAAAZAAABOodpAAQAAAABAAABVAAAAdAACAAIAAjluLjlqYnmmbQ2AAAmweAAACcQACbB4AAAJxBBZG9iZSBQaG90b3Nob3AgQ1M2IChXaW5kb3dzKQAyMDE2OjA2OjA0IDIwOjA4OjE0AOWuieWmruWwj+eGiuWEv+erpeaRhOW9sQDlronlpq7lsI/nhorlhL/nq6XmkYTlvbEAAAAIkAAABwAAAAQwMjIxkAQAAgAAABQAAAG6kQEABwAAAAQBAgMAoAAABwAAAAQwMTAwoAEAAwAAAAEAAQAAoAIABAAAAAEAAAEsoAMABAAAAAEAAAEspAYAAwAAAAEAAAAAAAAAADIwMTU6MTE6MjUgMjM6MDg6MTAAAAAABgEDAAMAAAABAAYAAAEaAAUAAAABAAACHgEbAAUAAAABAAACJgEoAAMAAAABAAIAAAIBAAQAAAABAAACLgICAAQAAAABAAAZnQAAAAAAAABIAAAAAQAAAEgAAAAB/9j/7QAMQWRvYmVfQ00AAf/uAA5BZG9iZQBkgAAAAAH/2wCEAAwICAgJCAwJCQwRCwoLERUPDAwPFRgTExUTExgRDAwMDAwMEQwMDAwMDAwMDAwMDAwMDAwMDAwMDAwMDAwMDAwBDQsLDQ4NEA4OEBQODg4UFA4ODg4UEQwMDAwMEREMDAwMDAwRDAwMDAwMDAwMDAwMDAwMDAwMDAwMDAwMDAwMDP/AABEIAKAAoAMBIgACEQEDEQH/3QAEAAr/xAE/AAABBQEBAQEBAQAAAAAAAAADAAECBAUGBwgJCgsBAAEFAQEBAQEBAAAAAAAAAAEAAgMEBQYHCAkKCxAAAQQBAwIEAgUHBggFAwwzAQACEQMEIRIxBUFRYRMicYEyBhSRobFCIyQVUsFiMzRygtFDByWSU/Dh8WNzNRaisoMmRJNUZEXCo3Q2F9JV4mXys4TD03Xj80YnlKSFtJXE1OT0pbXF1eX1VmZ2hpamtsbW5vY3R1dnd4eXp7fH1+f3EQACAgECBAQDBAUGBwcGBTUBAAIRAyExEgRBUWFxIhMFMoGRFKGxQiPBUtHwMyRi4XKCkkNTFWNzNPElBhaisoMHJjXC0kSTVKMXZEVVNnRl4vKzhMPTdePzRpSkhbSVxNTk9KW1xdXl9VZmdoaWprbG1ub2JzdHV2d3h5ent8f/2gAMAwEAAhEDEQA/AMEMaCU0umAYSItZLXIldRiSJSoNVZzXhvigta8mZR3scOOE9QHzTb1TbOu4NGoghO+0O4EKNtT3QQOEJgdPu0QJAC3Raye6ZgO4IprJ41SZUWuknhAGxoopBW6JlNsc8xwEQWNCIwt5OgRiNLK0ohiCdRMqL6fTJ2hWftAYYUm2Nf8ANSiQpbZDVY5+3UaBT9QASOyvV47C3xlBvxO7VFK77pEh1axeCJ7Ku8GZHCtDELvcDLeDHEprcN4BjhD272C6wGu0yIKhsG8Bw5KYF1b9rvvUnumD3CbH0T16prS0hDWCeCFVtzXPG3nwKV2QS0z4KozkKzagH//QzshjC74FSrLRpyq2Za5pKDRc6dUwj07tPcOk6thEoDa2h+7hN6+kKXujVRxiR1Was3gRMoYrkTCg5pJ8VJrnDROkDS4aBMxrfuT2emRxqq7nWdtEFz7T3SHijd2ek9FZn78jJe+rBocGWPrBdY97hu9Gn2v2bGfpMi97f0Nf/gVzqeB0aoUHDw7XY11TbXZNN1j7WtedlVnpZDrKrPW/MbfRT6n82yypY2HdeKQXZTsdjC5rJLhWN5/WG2elP85WWO9zfexaAbnY59OvIFdGQXtZe1xZS80t/Se6HP8AT/wVb2fo7bfT9NGU60BAobSHzfver/vV0IcQMiToSPR+j+7xBycisssc1rhY0assaCA5p+i/Y73M/qKubXt8VodVxcrGyzXlFoyHj1bGMghvqElrHFvt3Ob+k9qFidPbY1uTmuNeIfohull0Hbtp/wBHVu+nku/6xv8A8G+IJlQGvZaDprqy6eM/K3HHrJrZo+1xDK2n+VY//vitta2t9dmXa00F0uY0Oh4aQ59fqeza2xn+Fr/8+KGX1dxrbVjtZRVWIqZWPojwZu9rP/Pj/wDCWLByLHOc4lxfJ90uOvxVoYYxHq9R/BQBJ7OxZ1N+V1W7JszWGjZ6bMEM2Mq+j6IqdVux9rWMd9P0r9n89/pFN2ZV9E6EaEfBcxZc6kBu+ZlxYe35vM+7laDH76K7RqXMafwUebSiPJfw3u6Dm12ncAhW0tieCq1d7gRBhHa59xg8KGQBGquEhz7mneQTAgkGJkge1un7/wBHcmYwrRswwTp2QTTtGoQtVv8A/9HnrXF7j4lTqbHaSrBwyp10EcKIlpomMMzCuV1zEqBYWotDvcJQmaGi0hL9mBHCg6hv3K3vACq22RMKGMpSKpHo17GBBO1K27VAc4kKaMe5QA2KM52K9xaxltdg220Wgljx/WrLLarGT+jupfvZ/wAJX+jWjjfW0YOD9k6dgMpLZ2W3XOtDSSXOd6DKcZtrtf8ACPXPva5PWzxEqQAaXrWy6gG8MnH9cZPVbnWuuPq21wXWP3CWes72em232fo2f4D/AEKPkU9UzscdSrFX2W07arr7WY7Xn+ba2luQ5jdn+Cr932f/AEKw7OmOzb827Kte0eqxlTWQJN7wK3P5/wAF6lv9hb1OB9YOossyMHN9bdWzfRZjM9Gypp9H9Htb9mudieq/0se2r1afS9P/AEKsRkI2I1/Wkd5MgxD0kyEbF+r5eEf4n/SeeyMi5lj2WAssYSH1vEFrho4Oa7+Uq/rOJ5+XIhE6qXYubZjXOZkNrj9JWCK90e5uOZ+hT/M7m/uKqGh2tbwZH0H6H5WfQ/zk7itQGgsVYB+1lY5tpJcBqQGEeX/nS1MVsYlDefYNfiSViA66axofyla2PcRj1GPbBE/BzlHkFj6pITvocDuCuYpAA8UNjg+uZU8dwDo0lRmOiOKxTd9nzQX1NgkqT3ga90F9rpOmngmEG1lv/9KGQGAaKmLgCQFNznvbMLOyN7CVDjiCdS1ox1b9ZFh5lW66RtWbgF3J1WqH+1OnpojJoxfICC3Gvy7m0Y7PUtfJDZDQAPpvssd7K62fnPciWWBLDyL2WWfZ7XUu2EvcwbiWt/fbte/0v9Js/wC+KED1AdPBh669wtn9AtxLRQcmm3KLPUbjND2Oe2dv6rbc1tWS/wD4L9BbZ/gfVWY1gjd2PC28TF6jntGHjvrtxNstssb+iDWAtaPX9O1+MypvqWVfQWQ+xpJ2nc2TtdxI/e/tKxCHdIlEgSj8puv8H5h/gtawtTNI7KtkXD1IHAQxkwYUlMgFh2MTHbbRlQHF+6q4Eahu39Fvf/wf0K/5HqKWFUarLcdtVtvqT6rWO2iIDN1kfS9oQ+hEZvUacD1X0jNLsd1tTi17d7XFsR/wrKnbF0/VPq5V+iqrvuoueytj8ihxZueGhzmPe32/pHD+aeoyDbbwSJjR3jo4N3ScbI6dZU4Aua3YweEH2x/nLi7cHIodW3aSLam2NB8HDcvUaemUYdJrDXOtP07XlznuMz7nWOesHLwq/tjW2t9grcxvkBrp/ZSEiGSUAd3jrWZFEjJrJawhrrG6AEgPDPU/tfnrZwRU7ptRa7fBeCYiDuJ2Ef1S1XM6zo3TcZ/U6r68zIyWPrbjA7mPFjdjnZNLm/oGVO9+23/Cs/QV/wCFqw6HfZKPQY4uMy93EugN/wCpaniRkGDLjAqi6dd7Adu7hHBEyPvWPXvc7cdFdbe4NAS8GIxb9dhLtTKNoQs6u8Qndm7QNUyJN0xmL//TFQWFmqpZlYe7ThApynD2yrLLN3Kgx4zCZJYLSYdIa0I1r9oURY1rdFVyLS46IyslglIkqtyOyfHusreLq3urtYZY9hLXNP8AJcFUIJKI10BCMdUU3c3rPU8nF+yX5Ljijmhra62HWf0jceur1G/yH/o1mWWEhPY4vKg4e1TCVLtSbJs+LRtaSSVXc1xK0HsCB6cuTgV4T9LvuwcrHzKhusxrG2tHjtMln9tvsXYXdR6bXkfaMarMdRdteLGuL8YvgO9X0BY5/q+79I/0fZZ+j/wa5PFpL3NbxuIExPJjuWrW6fY3Y+9tdj+nuAFPqbXmy6yPs7cWulleR9pumv8ARMr9T9Y/TVfzSeMM5gmIGniP2smLNGEiJXUuzsO6k5xkmSeCszOyBZY1jRueZ2tHP9ZauV0C+npvr2ONGU8mKBtsDNY22WM9rrf3/T/R12+pV+l9P1bKXTuivYS+0kvfq5x+k4+agMSDTcBBFvNdawP8nFwb9K6HOHiWOcwf2nNeslz9xDjo9sNeB4gcj+s33L0Lq1fT8Ch+P1IOcMyl2zCr0veAf0eQ1z/bh10XNbbXk3/TfX+hoyPeuFz8M0mzJqrc3GeAPc4PcwggN9WxrKWuc7d/OejVvU0cWTg4+E8I/Sa85R4+GxZ2YMuAE9lL1weELFwc/MLhh412Ts+maq3OAn99zfY1J1VtFrqbmOpurMWVWNLHtP7r67A17E0AXvqsIIF0zdcRogvsee6ciU2xFZb/AP/U5wOG+B2VoPLGrKx7vd8StBz9zQPFIjVgiGX2ojRMb5+aqWHUpVuJKRiESiG80yEio1kQplM4Vhix2pnMR8Ol2Xm4+Gx2x2TaykPInbvcGus26bvTZ79qJkHCuxm5mDVZRSLPQsrus9VxJZ6+Lkbtlez7RWzI9an+aotp/RfziIighz3MUWVb3wOO6M6CjUVhokp4VaLI2Y2I+17Q4O/QNa520OfYNu1z2kOY30nO97f+DXRfUzCbXj0dSybC/Lv3npeI1sWNYS5lmbXje39Lme/0Xbfs+Hgf9qdlvqrnbmZGRlWuyGPqw+nVsuxmGJstvB+xPbt3f0l++9n/ABVbF7L03p+D0zCqxcKllFNTGsAYInaNvvd9Kx38t6szPt44ga8dk/y/dTijxE30/a4mX1PLbc7Gysei21gbvkOABIa7V273bN7N1m389YfWPrXldPbXXjCmrLyQRj49NYDuYdfkWv37KKPd9HZZc/8Amv8ACelsfXnqXSelYH23KcftTpZi4zTre8Rpt/Nqr/7UZP8AgqfZ77PRrXm2A+7Kuv6hmua++8hpJ8GjRlev6Omhmyqtidy+OOSQ9PmvyzMAdfJsOL7H2ZOVYb8i07rr7NXPI03O/q/QqZ/g60K7O9Fp9YyHja3HInfP5v535rlQ6j1h7rxj4pFdNYO98AueR9I+7/N2MQ8l7WtNNm4tdtbkQAdZPqMa54H6b/As9KzZ7/Vs/SK7LLEAiH6On9VrCBJBl1dDAsxvstmPVhWMxbWRkOc/cfTcR6dz8oNZ7/5z0car9B/pP0n6S7Py3Ms2ip9j6K2gY5u1c2sn2Utcf8C3/BM/m/8ACU/zynT19zMvbbU+uqp49TVjXQPZ6bvZsr2TtUMq4vOxvtpB3MZua4RH6Lb6X6HYyt36NtKqcxkxHFGENaP7vDw+Uv67LCGQZJTlL0z/AEeKcv8AGhL0+lr6BKQoOJJ0Tawqa9//1eJpkOlaNT9JVNrQAUVr4bCcwxZWRuTMMKD3Jg7RJEjq3K7UXfIVOrlWeybJBOim321WMtpea7qnNfVY3lr2nex4n91wV7JsoPSaHYtRpbl5d1mRXO5rLKK6mVUYx+l9l2Z919Xq/pq9/wBn/SfZ/WsB0ivHv6xhY2TV9opyLm0uqL3VAmz9Gxzra9tjfSe71fZ/O7PSXon/ADT+rlFX2M4Vl9DLjeGWW2uPqOa2nc39IHOr9Jvpvr/7cUOTPDEAZmuLQUJS2jx/o/1YJhCUwap82rI3+4gfHRGNtVe11p/Qgg2RElgP6TaT7foL0fqGL9XejY9+Q/p2EyustDQ2mph0bvd61trNvtaqWVb9V20PyMfpeGb76xZTuoYdS3dVZscPzd+72KzjiZkCOvFoFuTHwC5HSreN6finKyumVXHfk5VzszLI+jJLLaWtY73NZTi0VUs/0f8Ag16+yfSa3uvPvqvXVnfWV9zCbG4dO6x7hH6S47tsfyKWUs3fnrp/rL1J+H0u1tTizIyP0NBE6Fw/S2bvzfRp3v8A+21azx48sccelRv/AKRW4pcMDOXiXzL69ZR6p1wdQrH6CDi45dwWVEupc2fzcjdbasnLzKqqjVXbJpbsIjSSZsd/nrU6v1CjF3dPc0WW+lDanNE0l2lFljvzbaq99tf+E/mK/wA99jMHfj2ZFZvLixrtz2niG+7YPz/0jg1innwwMowIG0df5f4yyNyAMvEpqcZmKwXZOllgD7GkxDPpUYrAP8PlbP0r/wDA4vqLW6J9XMrrdpffLcRxa7IcedrXFzaMZhO79I76Vr/5v+c/SIP1WrPUus3XPePWqDbg57fafexnpur+iyr2sXqNGFj1E5WM0BjtLaxB2n5KtkzbxgPSNL6+bKI7E7/k+VfX7pz8DrZcPo5zPtJjjcXGpwb/AJizaix1FZZ9HaG+YLRD2n+0uy/xpUVvyOkucNwfXkNDpiA00Wdv+MXHsDWNDG8NED8qglVbrugXDEiwJ9wHxTjVNQ//1uQIKjqrTWNLUO5gCcwgUhJSB1UHuATB+qKw7tqs6qyJIVOtwJCu18JkgpjW5leRVZZWLq67GPfU7h4Y5r/TdH7+1dhR9d7zjVV25YFtrXB1rqydry+yd3p+i720+n6excg8AIcKOUBIUWTFl9u/SJXrr3i9X0TbkvdmZmY/PpxMssoqyDuqrgB7MlzbDY6+xzH/AKD1P0dXpep/O/pK4/WCupt1xrIdba6ytpBALawzc32fRaz9JTtXPYebm4D32Ylvpmxu2xpa17HAHc31Krm2VP2O/m/b+jTDOu32ZGS/7RH6WwW6tcGn1nh7G7d/rbPTsVnlNM0dbHj/AFYsebIZxJPzH/unvPqJiupw8nqF7djup3Osx5BBOPX+ixnbXBu2t9TfUp/fr/S/4RZH+MX6yZODltxsel9VtLduPfYwhrn2w/Ivx94/T147G1Vbv+5H/F/peq6TmZ1lFGZlsZSbaGvfVXqG268b/f6TG/zdf+D/ANNYud+tOLjdeoFNtjq8lj6sui/+crqrtDRlBrKx61zLKnUelVt9bIyvs/of4T05oSlxymPmN/Tj3pBEaETt/wB73eD6D0PL6xnDDpftteHX5GTbLmsrGt2Rc76Tvpf9csW51HoH1Uopqtpf1TqFbbHVXvoNVZBY1tt9tddtO/dS1270LP8ASfpPTQR0vJxX5VNOU2+khhc/FJIIZuf6NzK3bm34++u+zF3P2en/ADlvopsajL+yWZHT8/e+xnp5YbuaQLbPT2tZ79/0fXy7tlb2Vf6ROlC71qI+l6b2s46kNREbmUh6b/c4uKEUf1YbXgfWC3HFwyK86hwxb49Le5j22endW8u+y3Ma23163/zf/CV+mvTMPDdVWLcJ1d5/Pva4PmfpV7f8Gz/wR65H6tfV6u3rtbeqlmTkNxnZ2FWfeIY+jCbl5DLWsf7/APtKyxn+C9S3+bXoJxWscLKa622RHqRtdB5nZs3/ANtVZDW7tnBEoiVfMBLTWOv7p/deC/xnYwdgdPzAdv2a59TqvLJbv3Nn9y3C/wDBVwbSIld7/jRupPS8RpcfXdmksYYILGVWC1zfzvZ6lK88a4oFVaJZn5oo0aq7Tqiz7UFpf//X5CvIhqe22WqtWiP+insXRr22e5QDymf9JMEVhDaps1WjS72hZNX0gtXGEhArojRI7VQkDlGsbA1VO2yDogYrZBMXiEM1faGjHadr8q2rGZ8bXsbu/sNUGP3K70Ch2b9bOjYbXbPTyWZDtJn0pzbOP3mY7K/5Cfi9JMv3Yn/nej/ukAXQ8R/3z6V9asr9mdBz8yhgL8esCusuc1pBsrx/c6tzLNv6T/B2LmrOvO6iGZD3tab66347w2G75sGQx2g/Xad7q8X/AAf9I9L9Yt9+/wDX51Z+qHU3tMn06zH/AF+grzfoHVKMK6M/c/pz3AuY1wZa1wI/S0h271G+39JX/hf52r9PWp8O11eq3IHruo42E1jeo4Vw+0NAZXZU0u9Yj6GNk48+o26v8y7+dr/wq0RhuGD9p2fYurZEC+80VX1Ns/MdZV+jZ7vo+vX+ejVfWzoWK4Nur+zV5FbX4972lxsY5od6p2D6Lt3t3K07rHSs7GeKMiu5hBBa0kE/HQbNqbky6GPynx6/99FfixE1LhE4Tri6w+v7uSDX+q/1XZ0nqWb1jM6kerdRzWiqy9zDUWNkWWV7fUt+nto9P2V+lXT+jW3m5JYCa2C13cxOvZsNP0lyHSur4+L1mnDZbuqz91Gwn89oddiv3fynCyj/ANCFoda6y3pnTMrqTJbdQwMxGF3N9h9PHaR7d+x36xZX/oabFXErssuUESrvq8D9fOquzuuHEaf0HTAccCQZuJ9TOsna3/Dbcb/0FWCwIUEHUlx7uPJPdx/rIzdAkdVp0AVwnLvamJUXnRALX//Q4ekqdp9qBS7VTtd7SnsXRrk6p5QydUtyK0hsVH3ArYwz7fNYdTtQtfFf7UkgNy76Kz3gEq1e47YVB9r2u4QKJbNgMGkJmW5mDnU9U6dkfZs+gkMfsa8BrmOqfZ+k3M3em91Wz0/+20IZHjomdaHJA0thu9Df9afrFm9JtwuoDGzKMwGmyx9fo2gnbZXbWcdza3urean/ANH/AMGqHTPqf1zqdT8mtrMXHqc5s5Liz1Hs9tjMYe+yza/6f83Rv/wysdJy8Rjabstztvpsc1rTAL6i/E/SO/ec5zLP+D2fo0+Xk9Xz+r11G1mzCY5tWjB6Qa0V7GMd9L6Xqfpf5x/6X+pPAUKsgfMeEcUvp/3SpSjEGUhdDYy9uNn96fq4f8Vp4vVOp9O6aNrqOo9MreWsEtsFL3OcRW7T1aN7976/b6Nv+BuWfd1ltjnWMobW937hLQfjqr+Z03NPrPGPXXUytzbXVB8BrGw9mS8l1f8AOMrd7/8AtR9D3rEGDkhrXOAhzd8z2KZkjC6OsT6h80d+8f3l8MsjESA4bFUTCZ9P6PuR+Zv4vXcfHNdv2ew5Nbmv9RlgAc5h3t/nK3vp+j9BvqK11frnUOturyMwsaxu51GPU3bXXvhro3brbbHtZ77rn/1PTWSMF7qri3a6ysBwh0ENje/Z+Y727vpI52MrDGfRHHf8qjIiAaFWU2SRerUcPeicNQ3H3J3PEIJIWLlFz9ENztVGUqQ//9n/7SPyUGhvdG9zaG9wIDMuMAA4QklNBAQAAAAAASEcAVoAAxslRxwBWgADGyVHHAIAAAIAABwCeAAK5bi45amJ5pm0NhwCaQArVGVsOjEzMjEzMTc4NTE1LzAzNzEtODYyMzIwOTggUVE6Mjk2MTY4ODkzOBwCUAAY5a6J5aau5bCP54aK5YS/56ul5pGE5b2xHAJuAAE1HAJzABjlronlpq7lsI/nhorlhL/nq6XmkYTlvbEcAgUACuW4uOWpieaZtDYcAloACemDkeW3nuW4ghwCXwAJ5rKz5Y2X55yBHAJlAAbkuK3lm70cAg8AA+WEvxwCGQArVGVsOjEzMjEzMTc4NTE1LzAzNzEtODYyMzIwOTggUVE6Mjk2MTY4ODkzOBwCdAAY5a6J5aau5bCP54aK5YS/56ul5pGE5b2xADhCSU0EJQAAAAAAEHyF+1w7hMf2scZ3FTftoOc4QklNBDoAAAAAANcAAAAQAAAAAQAAAAAAC3ByaW50T3V0cHV0AAAABQAAAABQc3RTYm9vbAEAAAAASW50ZWVudW0AAAAASW50ZQAAAABJbWcgAAAAD3ByaW50U2l4dGVlbkJpdGJvb2wAAAAAC3ByaW50ZXJOYW1lVEVYVAAAAAEAAAAAAA9wcmludFByb29mU2V0dXBPYmpjAAAABWghaDeLvn9uAAAAAAAKcHJvb2ZTZXR1cAAAAAEAAAAAQmx0bmVudW0AAAAMYnVpbHRpblByb29mAAAACXByb29mQ01ZSwA4QklNBDsAAAAAAi0AAAAQAAAAAQAAAAAAEnByaW50T3V0cHV0T3B0aW9ucwAAABcAAAAAQ3B0bmJvb2wAAAAAAENsYnJib29sAAAAAABSZ3NNYm9vbAAAAAAAQ3JuQ2Jvb2wAAAAAAENudENib29sAAAAAABMYmxzYm9vbAAAAAAATmd0dmJvb2wAAAAAAEVtbERib29sAAAAAABJbnRyYm9vbAAAAAAAQmNrZ09iamMAAAABAAAAAAAAUkdCQwAAAAMAAAAAUmQgIGRvdWJAb+AAAAAAAAAAAABHcm4gZG91YkBv4AAAAAAAAAAAAEJsICBkb3ViQG/gAAAAAAAAAAAAQnJkVFVudEYjUmx0AAAAAAAAAAAAAAAAQmxkIFVudEYjUmx0AAAAAAAAAAAAAAAAUnNsdFVudEYjUHhsQG/AAAAAAAAAAAAKdmVjdG9yRGF0YWJvb2wBAAAAAFBnUHNlbnVtAAAAAFBnUHMAAAAAUGdQQwAAAABMZWZ0VW50RiNSbHQAAAAAAAAAAAAAAABUb3AgVW50RiNSbHQAAAAAAAAAAAAAAABTY2wgVW50RiNQcmNAWQAAAAAAAAAAABBjcm9wV2hlblByaW50aW5nYm9vbAAAAAAOY3JvcFJlY3RCb3R0b21sb25nAAAAAAAAAAxjcm9wUmVjdExlZnRsb25nAAAAAAAAAA1jcm9wUmVjdFJpZ2h0bG9uZwAAAAAAAAALY3JvcFJlY3RUb3Bsb25nAAAAAAA4QklNA+0AAAAAABAA/gAAAAEAAgD+AAAAAQACOEJJTQQmAAAAAAAOAAAAAAAAAAAAAD+AAAA4QklNA/IAAAAAAAoAAP///////wAAOEJJTQQNAAAAAAAEAAAAeDhCSU0EGQAAAAAABAAAAB44QklNA/MAAAAAAAkAAAAAAAAAAAEAOEJJTQQKAAAAAAABAQA4QklNBAsAAAAAABV3d3cuYW5uaXhpYW94aW9uZy5jb20AOEJJTScQAAAAAAAKAAEAAAAAAAAAAjhCSU0D9QAAAAAASAAvZmYAAQBsZmYABgAAAAAAAQAvZmYAAQChmZoABgAAAAAAAQAyAAAAAQBaAAAABgAAAAAAAQA1AAAAAQAtAAAABgAAAAAAAThCSU0D+AAAAAAAcAAA/////////////////////////////wPoAAAAAP////////////////////////////8D6AAAAAD/////////////////////////////A+gAAAAA/////////////////////////////wPoAAA4QklNBAgAAAAAABAAAAABAAACQAAAAkAAAAAAOEJJTQQeAAAAAAAEAAAAADhCSU0EGgAAAAADRQAAAAYAAAAAAAAAAAAAASwAAAEsAAAACABJAE0ARwBfADAAMAAyADEAAAABAAAAAAAAAAAAAAAAAAAAAAAAAAEAAAAAAAAAAAAAASwAAAEsAAAAAAAAAAAAAAAAAAAAAAEAAAAAAAAAAAAAAAAAAAAAAAAAEAAAAAEAAAAAAABudWxsAAAAAgAAAAZib3VuZHNPYmpjAAAAAQAAAAAAAFJjdDEAAAAEAAAAAFRvcCBsb25nAAAAAAAAAABMZWZ0bG9uZwAAAAAAAAAAQnRvbWxvbmcAAAEsAAAAAFJnaHRsb25nAAABLAAAAAZzbGljZXNWbExzAAAAAU9iamMAAAABAAAAAAAFc2xpY2UAAAASAAAAB3NsaWNlSURsb25nAAAAAAAAAAdncm91cElEbG9uZwAAAAAAAAAGb3JpZ2luZW51bQAAAAxFU2xpY2VPcmlnaW4AAAANYXV0b0dlbmVyYXRlZAAAAABUeXBlZW51bQAAAApFU2xpY2VUeXBlAAAAAEltZyAAAAAGYm91bmRzT2JqYwAAAAEAAAAAAABSY3QxAAAABAAAAABUb3AgbG9uZwAAAAAAAAAATGVmdGxvbmcAAAAAAAAAAEJ0b21sb25nAAABLAAAAABSZ2h0bG9uZwAAASwAAAADdXJsVEVYVAAAAAEAAAAAAABudWxsVEVYVAAAAAEAAAAAAABNc2dlVEVYVAAAAAEAAAAAAAZhbHRUYWdURVhUAAAAAQAAAAAADmNlbGxUZXh0SXNIVE1MYm9vbAEAAAAIY2VsbFRleHRURVhUAAAAAQAAAAAACWhvcnpBbGlnbmVudW0AAAAPRVNsaWNlSG9yekFsaWduAAAAB2RlZmF1bHQAAAAJdmVydEFsaWduZW51bQAAAA9FU2xpY2VWZXJ0QWxpZ24AAAAHZGVmYXVsdAAAAAtiZ0NvbG9yVHlwZWVudW0AAAARRVNsaWNlQkdDb2xvclR5cGUAAAAATm9uZQAAAAl0b3BPdXRzZXRsb25nAAAAAAAAAApsZWZ0T3V0c2V0bG9uZwAAAAAAAAAMYm90dG9tT3V0c2V0bG9uZwAAAAAAAAALcmlnaHRPdXRzZXRsb25nAAAAAAA4QklNBCgAAAAAAAwAAAACP/AAAAAAAAA4QklNBBQAAAAAAAQAAAADOEJJTQQMAAAAABm5AAAAAQAAAKAAAACgAAAB4AABLAAAABmdABgAAf/Y/+0ADEFkb2JlX0NNAAH/7gAOQWRvYmUAZIAAAAAB/9sAhAAMCAgICQgMCQkMEQsKCxEVDwwMDxUYExMVExMYEQwMDAwMDBEMDAwMDAwMDAwMDAwMDAwMDAwMDAwMDAwMDAwMAQ0LCw0ODRAODhAUDg4OFBQODg4OFBEMDAwMDBERDAwMDAwMEQwMDAwMDAwMDAwMDAwMDAwMDAwMDAwMDAwMDAz/wAARCACgAKADASIAAhEBAxEB/90ABAAK/8QBPwAAAQUBAQEBAQEAAAAAAAAAAwABAgQFBgcICQoLAQABBQEBAQEBAQAAAAAAAAABAAIDBAUGBwgJCgsQAAEEAQMCBAIFBwYIBQMMMwEAAhEDBCESMQVBUWETInGBMgYUkaGxQiMkFVLBYjM0coLRQwclklPw4fFjczUWorKDJkSTVGRFwqN0NhfSVeJl8rOEw9N14/NGJ5SkhbSVxNTk9KW1xdXl9VZmdoaWprbG1ub2N0dXZ3eHl6e3x9fn9xEAAgIBAgQEAwQFBgcHBgU1AQACEQMhMRIEQVFhcSITBTKBkRShsUIjwVLR8DMkYuFygpJDUxVjczTxJQYWorKDByY1wtJEk1SjF2RFVTZ0ZeLys4TD03Xj80aUpIW0lcTU5PSltcXV5fVWZnaGlqa2xtbm9ic3R1dnd4eXp7fH/9oADAMBAAIRAxEAPwDBDGglNLpgGEiLWS1yJXUYkiUqDVWc14b4oLWvJmUd7HDjhPUB8029U2zruDRqIITvtDuBCjbU90EDhCYHT7tECQAt0WsnumYDuCKayeNUmVFrpJ4QBsaKKQVuiZTbHPMcBEFjQiMLeToEYjSytKIYgnUTKi+n0ydoVn7QGGFJtjX/ADUokKW2Q1WOft1GgU/UAEjsr1eOwt8ZQb8Tu1RSu+6RIdWsXgieyrvBmRwrQxC73Ay3gxxKa3DeAY4Q9u9gusBrtMiCobBvAcOSmBdW/a771J7pg9wmx9E9eqa0tIQ1gnghVbc1zxt58CldkEtM+CqM5Cs2oB//0M7IYwu+BUqy0acqtmWuaSg0XOnVMI9O7T3DpOrYRKA2tofu4TevpCl7o1UcYkdVmrN4ETKGK5EwoOaSfFSa5w0TpA0uGgTMa37k9npkcaqu51nbRBc+090h4o3dnpPRWZ+/IyXvqwaHBlj6wXWPe4bvRp9r9mxn6TIve39DX/4Fc6ngdGqFBw8O12NdU212TTdY+1rXnZVZ6WQ6yqz1vzG30U+p/NssqWNh3XikF2U7HYwuayS4Vjef1htnpT/OVljvc33sWgG52OfTryBXRkF7WXtcWUvNLf0nuhz/AE/8FW9n6O230/TRlOtAQKG0h8373q/71dCHEDIk6Ej0fo/u8QcnIrLLHNa4WNGrLGggOafov2O9zP6irm17fFaHVcXKxss15RaMh49WxjIIb6hJaxxb7dzm/pPahYnT22Nbk5rjXiH6IbpZdB27af8AR1bvp5Lv+sb/APBviCZUBr2Wg6a6sunjPytxx6ya2aPtcQytp/lWP/74rbWtrfXZl2tNBdLmNDoeGkOfX6ns2tsZ/ha//Pihl9Xca21Y7WUVViKmVj6I8Gbvaz/z4/8AwliwcixznOJcXyfdLjr8VaGGMR6vUfwUASezsWdTfldVuybM1ho2emzBDNjKvo+iKnVbsfa1jHfT9K/Z/Pf6RTdmVfROhGhHwXMWXOpAbvmZcWHt+bzPu5Wgx++iu0alzGn8FHm0ojyX8N7ug5tdp3AIVtLYngqtXe4EQYR2ufcYPChkARqrhIc+5p3kEwIJBiZIHtbp+/8AR3JmMK0bMME6dkE07RqELVb/AP/R561xe4+JU6mx2kqwcMqddBHCiJaaJjDMwrldcxKgWFqLQ73CUJmhotIS/ZgRwoOob9yt7wAqttkTChjKUiqR6NexgQTtStu1QHOJCmjHuUANijOdivcWsZbXYNttFoJY8f1qyy2qxk/o7qX72f8ACV/o1o431tGDg/ZOnYDKS2dlt1zrQ0klznegynGba7X/AAj1z72uT1s8RKkAGl61suoBvDJx/XGT1W51rrj6ttcF1j9wlnrO9nptt9n6Nn+A/wBCj5FPVM7HHUqxV9ltO2q6+1mO15/m2tpbkOY3Z/gq/d9n/wBCsOzpjs2/NuyrXtHqsZU1kCTe8Ctz+f8ABepb/YW9TgfWDqLLMjBzfW3Vs30WYzPRsqafR/R7W/ZrnYnqv9LHtq9Wn0vT/wBCrEZCNiNf1pHeTIMQ9JMhGxfq+XhH+J/0nnsjIuZY9lgLLGEh9bxBa4aODmu/lKv6zieflyIROql2Lm2Y1zmZDa4/SVgivdHubjmfoU/zO5v7iqhodrW8GR9B+h+Vn0P85O4rUBoLFWAftZWObaSXAakBhHl/50tTFbGJQ3n2DX4klYgOumsaH8pWtj3EY9Rj2wRPwc5R5BY+qSE76HA7grmKQAPFDY4PrmVPHcA6NJUZjojisU3fZ80F9TYJKk94GvdBfa6Tpp4JhBtZb//ShkBgGipi4AkBTc572zCzsjewlQ44gnUtaMdW/WRYeZVuukbVm4BdydVqh/tTp6aIyaMXyAgtxr8u5tGOz1LXyQ2Q0AD6b7LHeyutn5z3IllgSw8i9lln2e11LthL3MG4lrf327Xv9L/SbP8AvihA9QHTwYeuvcLZ/QLcS0UHJptyiz1G4zQ9jntnb+q23NbVkv8A+C/QW2f4H1VmNYI3djwtvExeo57Rh4767cTbLbLG/og1gLWj1/TtfjMqb6llX0FkPsaSdp3Nk7XcSP3v7SsQh3SJRIEo/Kbr/B+Yf4LWsLUzSOyrZFw9SBwEMZMGFJTIBYdjEx220ZUBxfuquBGobt/Rb3/8H9Cv+R6ilhVGqy3HbVbb6k+q1jtoiAzdZH0vaEPoRGb1GnA9V9IzS7HdbU4te3e1xbEf8Kyp2xdP1T6uVfoqq77qLnsrY/IocWbnhoc5j3t9v6Rw/mnqMg228EiY0d46ODd0nGyOnWVOALmt2MHhB9sf5y4u3ByKHVt2ki2ptjQfBw3L1GnplGHSaw1zrT9O15c57jM+51jnrBy8Kv7Y1trfYK3Mb5Aa6f2UhIhklAHd461mRRIyayWsIa6xugBIDwz1P7X562cEVO6bUWu3wXgmIg7idhH9UtVzOs6N03Gf1Oq+vMyMlj624wO5jxY3Y52TS5v6BlTvftt/wrP0Ff8AhasOh32Sj0GOLjMvdxLoDf8AqWp4kZBgy4wKounXewHbu4RwRMj71j173O3HRXW3uDQEvBiMW/XYS7UyjaELOrvEJ3Zu0DVMiTdMZi//0xUFhZqqWZWHu04QKcpw9sqyyzdyoMeMwmSWC0mHSGtCNa/aFEWNa3RVci0uOiMrJYJSJKrcjsnx7rK3i6t7q7WGWPYS1zT/ACXBVCCSiNdAQjHVFN3N6z1PJxfsl+S44o5oa2uth1n9I3Hrq9Rv8h/6NZllhIT2OLyoOHtUwlS7UmybPi0bWkklV3NcStB7AgenLk4FeE/S77sHKx8yobrMaxtrR47TJZ/bb7F2F3Uem15H2jGqzHUXbXixri/GL4DvV9AWOf6vu/SP9H2Wfo/8GuTxaS9zW8biBMTyY7lq1un2N2PvbXY/p7gBT6m15susj7O3FrpZXkfabpr/AETK/U/WP01X80njDOYJiBp4j9rJizRhIiV1Ls7DupOcZJkngrMzsgWWNY0bnmdrRz/WWrldAvp6b69jjRlPJigbbAzWNtljPa639/0/0ddvqVfpfT9Wyl07or2EvtJL36ucfpOPmoDEg03AQRbzXWsD/JxcG/Suhzh4ljnMH9pzXrJc/cQ46PbDXgeIHI/rN9y9C6tX0/Aofj9SDnDMpdswq9L3gH9HkNc/24ddFzW215N/031/oaMj3rhc/DNJsyaq3NxngD3OD3MIIDfVsaylrnO3fzno1b1NHFk4OPhPCP0mvOUePhsWdmDLgBPZS9cHhCxcHPzC4YeNdk7PpmqtzgJ/fc32NSdVbRa6m5jqbqzFlVjSx7T+6+uwNexNAF76rCCBdM3XEaIL7HnunIlNsRWW/wD/1OcDhvgdlaDyxqyse73fErQc/c0DxSI1YIhl9qI0TG+fmqlh1KVbiSkYhEohvNMhIqNZEKZTOFYYsdqZzEfDpdl5uPhsdsdk2spDyJ273BrrNum702e/aiZBwrsZuZg1WUUiz0LK7rPVcSWevi5G7ZXs+0VsyPWp/mqLaf0X84iIoIc9zFFlW98DjujOgo1FYaJKeFWiyNmNiPte0ODv0DWudtDn2Dbtc9pDmN9Jzve3/g10X1Mwm149HUsmwvy7956XiNbFjWEuZZm143t/S5nv9F237Ph4H/anZb6q525mRkZVrshj6sPp1bLsZhibLbwfsT27d39JfvvZ/wAVWxey9N6fg9MwqsXCpZRTUxrAGCJ2jb73fSsd/LerMz7eOIGvHZP8v3U4o8RN9P2uJl9Ty23OxsrHottYG75DgASGu1du92zezdZt/PWH1j615XT2114wpqy8kEY+PTWA7mHX5Fr9+yij3fR2WXP/AJr/AAnpbH156l0npWB9tynH7U6WYuM063vEabfzaq/+1GT/AIKn2e+z0a15tgPuyrr+oZrmvvvIaSfBo0ZXr+jpoZsqrYncvjjkkPT5r8szAHXybDi+x9mTlWG/ItO66+zVzyNNzv6v0Kmf4OtCuzvRafWMh42txyJ3z+b+d+a5UOo9Ye68Y+KRXTWDvfALnkfSPu/zdjEPJe1rTTZuLXbW5EAHWT6jGueB+m/wLPSs2e/1bP0iuyyxAIh+jp/VawgSQZdXQwLMb7LZj1YVjMW1kZDnP3H03Eenc/KDWe/+c9HGq/Qf6T9J+kuz8tzLNoqfY+itoGObtXNrJ9lLXH/At/wTP5v/AAlP88p09fczL221PrqqePU1Y10D2em72bK9k7VDKuLzsb7aQdzGbmuER+i2+l+h2Mrd+jbSqnMZMRxRhDWj+7w8PlL+uywhkGSU5S9M/wBHinL/ABoS9Ppa+gSkKDiSdE2sKmvf/9XiaZDpWjU/SVTa0AFFa+GwnMMWVkbkzDCg9yYO0SRI6tyu1F3yFTq5VnsmyQTopt9tVjLaXmu6pzX1WN5a9p3seJ/dcFeybKD0mh2LUaW5eXdZkVzuayyiuplVGMfpfZdmfdfV6v6avf8AZ/0n2f1rAdIrx7+sYWNk1faKci5tLqi91QJs/Rsc62vbY30nu9X2fzuz0l6J/wA0/q5RV9jOFZfQy43hlltrj6jmtp3N/SBzq/Sb6b6/+3FDkzwxAGZri0FCUto8f6P9WCYQlMGqfNqyN/uIHx0RjbVXtdaf0IINkRJYD+k2k+36C9H6hi/V3o2PfkP6dhMrrLQ0NpqYdG73etbazb7WqllW/VdtD8jH6Xhm++sWU7qGHUt3VWbHD83fu9is44mZAjrxaBbkx8AuR0q3jen4pysrplVx35OVc7MyyPoySy2lrWO9zWU4tFVLP9H/AINevsn0mt7rz76r11Z31lfcwmxuHTuse4R+kuO7bH8illLN3566f6y9Sfh9LtbU4syMj9DQROhcP0tm7830ad7/APttWs8ePLHHHpUb/wCkVuKXDAzl4l8y+vWUeqdcHUKx+gg4uOXcFlRLqXNn83I3W2rJy8yqqo1V2yaW7CI0kmbHf561Or9Qoxd3T3NFlvpQ2pzRNJdpRZY7822qvfbX/hP5iv8APfYzB349mRWby4sa7c9p4hvu2D8/9I4NYp58MDKMCBtHX+X+MsjcgDLxKanGZisF2TpZYA+xpMQz6VGKwD/D5Wz9K/8AwOL6i1uifVzK63aX3y3EcWuyHHna1xc2jGYTu/SO+la/+b/nP0iD9Vqz1LrN1z3j1qg24Oe32n3sZ6bq/osq9rF6jRhY9ROVjNAY7S2sQdp+SrZM28YD0jS+vmyiOxO/5PlX1+6c/A62XD6Ocz7SY43FxqcG/wCYs2osdRWWfR2hvmC0Q9p/tLsv8aVFb8jpLnDcH15DQ6YgNNFnb/jFx7A1jQxvDRA/KoJVW67oFwxIsCfcB8U41TUP/9bkCCo6q01jS1DuYAnMIFISUgdVB7gEwfqisO7arOqsiSFTrcCQrtfCZIKY1uZXkVWWVi6uuxj31O4eGOa/03R+/tXYUfXe841VduWBba1wda6sna8vsnd6fou9tPp+nsXIPACHCjlASFFkxZfbv0iV6694vV9E25L3ZmZmPz6cTLLKKsg7qq4AezJc2w2Ovscx/wCg9T9HV6Xqfzv6SuP1grqbdcayHW2usraQQC2sM3N9n0Ws/SU7Vz2Hm5uA99mJb6ZsbtsaWtexwB3N9Sq5tlT9jv5v2/o0wzrt9mRkv+0R+lsFurXBp9Z4exu3f62z07FZ5TTNHWx4/wBWLHmyGcST8x/7p7z6iYrqcPJ6he3Y7qdzrMeQQTj1/osZ21wbtrfU31Kf36/0v+EWR/jF+smTg5bcbHpfVbS3bj32MIa59sPyL8feP09eOxtVW7/uR/xf6Xquk5mdZRRmZbGUm2hr31V6htuvG/3+kxv83X/g/wDTWLnfrTi43XqBTbY6vJY+rLov/nK6q7Q0ZQaysetcyyp1HpVbfWyMr7P6H+E9OaEpccpj5jf0496QRGhE7f8Ae93g+g9Dy+sZww6X7bXh1+Rk2y5rKxrdkXO+k76X/XLFudR6B9VKKaraX9U6hW2x1V76DVWQWNbbfbXXbTv3Utdu9Cz/AEn6T00EdLycV+VTTlNvpIYXPxSSCGbn+jcyt25t+Pvrvsxdz9np/wA5b6KbGoy/slmR0/P3vsZ6eWG7mkC2z09rWe/f9H18u7ZW9lX+kTpQu9aiPpem9rOOpDURG5lIem/3OLihFH9WG14H1gtxxcMivOocMW+PS3uY9tnp3VvLvstzGtt9et/83/wlfpr0zDw3VVi3CdXefz72uD5n6Ve3/Bs/8EeuR+rX1ert67W3qpZk5DcZ2dhVn3iGPowm5eQy1rH+/wD7SssZ/gvUt/m16CcVrHCymuttkR6kbXQeZ2bN/wDbVWQ1u7ZwRKIlXzAS01jr+6f3Xgv8Z2MHYHT8wHb9mufU6ryyW79zZ/ctwv8AwVcG0iJXe/40bqT0vEaXH13ZpLGGCCxlVgtc3872epSvPGuKBVWiWZ+aKNGqu06os+1BaX//1+QryIanttlqrVoj/op7F0a9tnuUA8pn/STBFYQ2qbNVo0u9oWTV9ILVxhIQK6I0SO1UJA5RrGwNVTtsg6IGK2QTF4hDNX2hox2na/KtqxmfG17G7v7DVBj9yu9Aodm/Wzo2G12z08lmQ7SZ9Kc2zj95mOyv+Qn4vSTL92J/53o/7pAF0PEf98+lfWrK/ZnQc/MoYC/HrArrLnNaQbK8f3Orcyzb+k/wdi5qzrzuohmQ97Wm+ut+O8Nhu+bBkMdoP12ne6vF/wAH/SPS/WLffv8A1+dWfqh1N7TJ9Osx/wBfoK836B1SjCujP3P6c9wLmNcGWtcCP0tIdu9Rvt/SV/4X+dq/T1qfDtdXqtyB67qONhNY3qOFcPtDQGV2VNLvWI+hjZOPPqNur/Mu/na/8KtEYbhg/adn2Lq2RAvvNFV9TbPzHWVfo2e76Pr1/no1X1s6FiuDbq/s1eRW1+Pe9pcbGOaHeqdg+i7d7dytO6x0rOxnijIruYQQWtJBPx0Gzam5Muhj8p8ev/fRX4sRNS4ROE64usPr+7kg1/qv9V2dJ6lm9YzOpHq3Uc1oqsvcw1FjZFlle31Lfp7aPT9lfpV0/o1t5uSWAmtgtd3MTr2bDT9Jch0rq+Pi9Zpw2W7qs/dRsJ/PaHXYr938pwso/wDQhaHWust6Z0zK6kyW3UMDMRhdzfYfTx2ke3fsd+sWV/6GmxVxK7LLlBEq76vA/Xzqrs7rhxGn9B0wHHAkGbifUzrJ2t/w23G/9BVgsCFBB1Jce7jyT3cf6yM3QJHVadAFcJy72piVF50QC1//0OHpKnafagUu1U7Xe0p7F0a5OqeUMnVLcitIbFR9wK2MM+3zWHU7ULXxX+1JIDcu+is94BKtXuO2FQfa9ruECiWzYDBpCZluZg51PVOnZH2bPoJDH7GvAa5jqn2fpNzN3pvdVs9P/ttCGR46JnWhyQNLYbvQ3/Wn6xZvSbcLqAxsyjMBpssfX6NoJ22V21nHc2t7q3mp/wDR/wDBqh0z6n9c6nU/JrazFx6nObOS4s9R7PbYzGHvss2v+n/N0b/8MrHScvEY2m7Lc7b6bHNa0wC+ovxP0jv3nOcyz/g9n6NPl5PV8/q9dRtZswmObVowekGtFexjHfS+l6n6X+cf+l/qTwFCrIHzHhHFL6f90qUoxBlIXQ2MvbjZ/en6uH/FaeL1TqfTumja6jqPTK3lrBLbBS9znEVu09Wje/e+v2+jb/gbln3dZbY51jKG1vd+4S0H46q/mdNzT6zxj111Mrc211QfAaxsPZkvJdX/ADjK3e//ALUfQ96xBg5Ia1zgIc3fM9imZIwujrE+ofNHfvH95fDLIxEgOGxVEwmfT+j7kfmb+L13HxzXb9nsOTW5r/UZYAHOYd7f5yt76fo/Qb6itdX651Drbq8jMLGsbudRj1N21174a6N2622x7We+65/9T01kjBe6q4t2usrAcIdBDY3v2fmO9u76SOdjKwxn0Rx3/KoyIgGhVlNkkXq1HD3onDUNx9ydzxCCSFi5Rc/RDc7VRlKkP//ZADhCSU0EIQAAAAAAVQAAAAEBAAAADwBBAGQAbwBiAGUAIABQAGgAbwB0AG8AcwBoAG8AcAAAABMAQQBkAG8AYgBlACAAUABoAG8AdABvAHMAaABvAHAAIABDAFMANgAAAAEAOEJJTQQGAAAAAAAHAAUAAAABAQD/4RO6aHR0cDovL25zLmFkb2JlLmNvbS94YXAvMS4wLwA8P3hwYWNrZXQgYmVnaW49Iu+7vyIgaWQ9Ilc1TTBNcENlaGlIenJlU3pOVGN6a2M5ZCI/PiA8eDp4bXBtZXRhIHhtbG5zOng9ImFkb2JlOm5zOm1ldGEvIiB4OnhtcHRrPSJBZG9iZSBYTVAgQ29yZSA1LjMtYzAxMSA2Ni4xNDU2NjEsIDIwMTIvMDIvMDYtMTQ6NTY6MjcgICAgICAgICI+IDxyZGY6UkRGIHhtbG5zOnJkZj0iaHR0cDovL3d3dy53My5vcmcvMTk5OS8wMi8yMi1yZGYtc3ludGF4LW5zIyI+IDxyZGY6RGVzY3JpcHRpb24gcmRmOmFib3V0PSIiIHhtbG5zOnhtcD0iaHR0cDovL25zLmFkb2JlLmNvbS94YXAvMS4wLyIgeG1sbnM6cGhvdG9zaG9wPSJodHRwOi8vbnMuYWRvYmUuY29tL3Bob3Rvc2hvcC8xLjAvIiB4bWxuczp4bXBSaWdodHM9Imh0dHA6Ly9ucy5hZG9iZS5jb20veGFwLzEuMC9yaWdodHMvIiB4bWxuczpkYz0iaHR0cDovL3B1cmwub3JnL2RjL2VsZW1lbnRzLzEuMS8iIHhtbG5zOnhtcE1NPSJodHRwOi8vbnMuYWRvYmUuY29tL3hhcC8xLjAvbW0vIiB4bWxuczpzdEV2dD0iaHR0cDovL25zLmFkb2JlLmNvbS94YXAvMS4wL3NUeXBlL1Jlc291cmNlRXZlbnQjIiB4bWxuczp4bXBCSj0iaHR0cDovL25zLmFkb2JlLmNvbS94YXAvMS4wL2JqLyIgeG1wOkNyZWF0b3JUb29sPSJBZG9iZSBQaG90b3Nob3AgQ1M2IChXaW5kb3dzKSIgeG1wOkNyZWF0ZURhdGU9IjIwMTUtMTEtMjVUMjM6MDg6MTAiIHhtcDpNb2RpZnlEYXRlPSIyMDE2LTA2LTA0VDIwOjA4OjE0KzA4OjAwIiB4bXA6TWV0YWRhdGFEYXRlPSIyMDE2LTA2LTA0VDIwOjA4OjE0KzA4OjAwIiBwaG90b3Nob3A6Q2F0ZWdvcnk9IuWEv+erpSIgcGhvdG9zaG9wOkNpdHk9IumDkeW3nuW4giIgcGhvdG9zaG9wOkNvdW50cnk9IuS4reWbvSIgcGhvdG9zaG9wOkNyZWRpdD0iNSIgcGhvdG9zaG9wOkhlYWRsaW5lPSJUZWw6MTMyMTMxNzg1MTUvMDM3MS04NjIzMjA5OCBRUToyOTYxNjg4OTM4IiBwaG90b3Nob3A6U3RhdGU9Iuays+WNl+ecgSIgcGhvdG9zaG9wOlNvdXJjZT0i5a6J5aau5bCP54aK5YS/56ul5pGE5b2xIiBwaG90b3Nob3A6TGVnYWN5SVBUQ0RpZ2VzdD0iMTBENjM4QTU4OTA1RTU2NDJBNDY0MkREQzA2NjZERUIiIHBob3Rvc2hvcDpDb2xvck1vZGU9IjMiIHBob3Rvc2hvcDpJQ0NQcm9maWxlPSJzUkdCIElFQzYxOTY2LTIuMSIgeG1wUmlnaHRzOk1hcmtlZD0iVHJ1ZSIgeG1wUmlnaHRzOldlYlN0YXRlbWVudD0id3d3LmFubml4aWFveGlvbmcuY29tIiBkYzpmb3JtYXQ9ImltYWdlL2pwZWciIHhtcE1NOkluc3RhbmNlSUQ9InhtcC5paWQ6NUQ3NzgwMDM0RDJBRTYxMTlBRkFBOTAwNjJFMUYzNjQiIHhtcE1NOkRvY3VtZW50SUQ9InhtcC5kaWQ6RkE0MTQ2NTc4NjkzRTUxMTg4ODY4RjRBQUU4OUEzQjkiIHhtcE1NOk9yaWdpbmFsRG9jdW1lbnRJRD0ieG1wLmRpZDpGQTQxNDY1Nzg2OTNFNTExODg4NjhGNEFBRTg5QTNCOSI+IDxwaG90b3Nob3A6RG9jdW1lbnRBbmNlc3RvcnM+IDxyZGY6QmFnPiA8cmRmOmxpPjdCNTJEQUQ1RDVBMzM0OTYzNzQ4NjU4NkNDMThDOTBGPC9yZGY6bGk+IDwvcmRmOkJhZz4gPC9waG90b3Nob3A6RG9jdW1lbnRBbmNlc3RvcnM+IDxkYzpjcmVhdG9yPiA8cmRmOlNlcT4gPHJkZjpsaT7lronlpq7lsI/nhorlhL/nq6XmkYTlvbE8L3JkZjpsaT4gPC9yZGY6U2VxPiA8L2RjOmNyZWF0b3I+IDxkYzpkZXNjcmlwdGlvbj4gPHJkZjpBbHQ+IDxyZGY6bGkgeG1sOmxhbmc9IngtZGVmYXVsdCI+5bi45amJ5pm0NjwvcmRmOmxpPiA8L3JkZjpBbHQ+IDwvZGM6ZGVzY3JpcHRpb24+IDxkYzpyaWdodHM+IDxyZGY6QWx0PiA8cmRmOmxpIHhtbDpsYW5nPSJ4LWRlZmF1bHQiPuWuieWmruWwj+eGiuWEv+erpeaRhOW9sTwvcmRmOmxpPiA8L3JkZjpBbHQ+IDwvZGM6cmlnaHRzPiA8ZGM6c3ViamVjdD4gPHJkZjpCYWc+IDxyZGY6bGk+VGVsOjEzMjEzMTc4NTE1LzAzNzEtODYyMzIwOTggUVE6Mjk2MTY4ODkzODwvcmRmOmxpPiA8L3JkZjpCYWc+IDwvZGM6c3ViamVjdD4gPGRjOnRpdGxlPiA8cmRmOkFsdD4gPHJkZjpsaSB4bWw6bGFuZz0ieC1kZWZhdWx0Ij7luLjlqYnmmbQ2PC9yZGY6bGk+IDwvcmRmOkFsdD4gPC9kYzp0aXRsZT4gPHhtcE1NOkhpc3Rvcnk+IDxyZGY6U2VxPiA8cmRmOmxpIHN0RXZ0OmFjdGlvbj0ic2F2ZWQiIHN0RXZ0Omluc3RhbmNlSUQ9InhtcC5paWQ6RkE0MTQ2NTc4NjkzRTUxMTg4ODY4RjRBQUU4OUEzQjkiIHN0RXZ0OndoZW49IjIwMTUtMTEtMjVUMjM6MDg6MTArMDg6MDAiIHN0RXZ0OnNvZnR3YXJlQWdlbnQ9IkFkb2JlIFBob3Rvc2hvcCBDUzYgKFdpbmRvd3MpIiBzdEV2dDpjaGFuZ2VkPSIvIi8+IDxyZGY6bGkgc3RFdnQ6YWN0aW9uPSJjb252ZXJ0ZWQiIHN0RXZ0OnBhcmFtZXRlcnM9ImZyb20gYXBwbGljYXRpb24vdm5kLmFkb2JlLnBob3Rvc2hvcCB0byBpbWFnZS9qcGVnIi8+IDxyZGY6bGkgc3RFdnQ6YWN0aW9uPSJzYXZlZCIgc3RFdnQ6aW5zdGFuY2VJRD0ieG1wLmlpZDpGQjQxNDY1Nzg2OTNFNTExODg4NjhGNEFBRTg5QTNCOSIgc3RFdnQ6d2hlbj0iMjAxNS0xMS0yNVQyMzowODoxMCswODowMCIgc3RFdnQ6c29mdHdhcmVBZ2VudD0iQWRvYmUgUGhvdG9zaG9wIENTNiAoV2luZG93cykiIHN0RXZ0OmNoYW5nZWQ9Ii8iLz4gPHJkZjpsaSBzdEV2dDphY3Rpb249InNhdmVkIiBzdEV2dDppbnN0YW5jZUlEPSJ4bXAuaWlkOjVENzc4MDAzNEQyQUU2MTE5QUZBQTkwMDYyRTFGMzY0IiBzdEV2dDp3aGVuPSIyMDE2LTA2LTA0VDIwOjA4OjE0KzA4OjAwIiBzdEV2dDpzb2Z0d2FyZUFnZW50PSJBZG9iZSBQaG90b3Nob3AgQ1M2IChXaW5kb3dzKSIgc3RFdnQ6Y2hhbmdlZD0iLyIvPiA8L3JkZjpTZXE+IDwveG1wTU06SGlzdG9yeT4gPHhtcEJKOkpvYlJlZj4gPHJkZjpCYWc+IDxyZGY6bGk+57K+5L+u5bqV54mHPC9yZGY6bGk+IDwvcmRmOkJhZz4gPC94bXBCSjpKb2JSZWY+IDwvcmRmOkRlc2NyaXB0aW9uPiA8L3JkZjpSREY+IDwveDp4bXBtZXRhPiAgICAgICAgICAgICAgICAgICAgICAgICAgICAgICAgICAgICAgICAgICAgICAgICAgICAgICAgICAgICAgICAgICAgICAgICAgICAgICAgICAgICAgICAgICAgICAgICAgICAgICAgICAgICAgICAgICAgICAgICAgICAgICAgICAgICAgICAgICAgICAgICAgICAgICAgICAgICAgICAgICAgICAgICAgICAgICAgICAgICAgICAgICAgICAgICAgICAgICAgICAgICAgICAgICAgICAgICAgICAgICAgICAgICAgICAgICAgICAgICAgICAgICAgICAgICAgICAgICAgICAgICAgICAgICAgICAgICAgICAgICAgICAgICAgICAgICAgICAgICAgICAgICAgICAgICAgICAgICAgICAgICAgICAgICAgICAgICAgICAgICAgICAgICAgICAgICAgICAgICAgICAgICAgICAgICAgICAgICAgICAgICAgICAgICAgICAgICAgICAgICAgICAgICAgICAgICAgICAgICAgICAgICAgICAgICAgICAgICAgICAgICAgICAgICAgICAgICAgICAgICAgICAgICAgICAgICAgICAgICAgICAgICAgICAgICAgICAgICAgICAgICAgICAgICAgICAgICAgICAgICAgICAgICAgICAgICAgICAgICAgICAgICAgICAgICAgICAgICAgICAgICAgICAgICAgICAgICAgICAgICAgICAgICAgICAgICAgICAgICAgICAgICAgICAgICAgICAgICAgICAgICAgICAgICAgICAgICAgICAgICAgICAgICAgICAgICAgICAgICAgICAgICAgICAgICAgICAgICAgICAgICAgICAgICAgICAgICAgICAgICAgICAgICAgICAgICAgICAgICAgICAgICAgICAgICAgICAgICAgICAgICAgICAgICAgICAgICAgICAgICAgICAgICAgICAgICAgICAgICAgICAgICAgICAgICAgICAgICAgICAgICAgICAgICAgICAgICAgICAgICAgICAgICAgICAgICAgICAgICAgICAgICAgICAgICAgICAgICAgICAgICAgICAgICAgICAgICAgICAgICAgICAgICAgICAgICAgICAgICAgICAgICAgICAgICAgICAgICAgICAgICAgICAgICAgICAgICAgICAgICAgICAgICAgICAgICAgICAgICAgICAgICAgICAgICAgICAgICAgICAgICAgICAgICAgICAgICAgICAgICAgICAgICAgICAgICAgICAgICAgICAgICAgICAgICAgICAgICAgICAgICAgICAgICAgICAgICAgICAgICAgICAgICAgICAgICAgICAgICAgICAgICAgICAgICAgICAgICAgICAgICAgICAgICAgICAgICAgICAgICAgICAgICAgICAgICAgICAgICAgICAgICAgICAgICAgICAgICAgICAgICAgICAgICAgICAgICAgICAgICAgICAgICAgICAgICAgICAgICAgICAgICAgICAgICAgICAgICAgICAgICAgICAgICAgICAgICAgICAgICAgICAgICAgICAgICAgICAgICAgICAgICAgICAgICAgICAgICAgICAgICAgICAgICAgICAgICAgICAgICAgICAgICAgICAgICAgICAgICAgICAgICAgICAgICAgICAgICAgICAgICAgICAgICAgICAgICAgICAgICAgICAgICAgICAgICAgICAgICAgICAgICAgICAgICAgICAgICAgICAgICAgICAgICAgICAgICAgICAgICAgICAgICAgICAgICAgICAgICAgICAgICAgICAgICAgICAgICAgICAgICAgICAgICAgICAgICAgICAgICAgICAgICAgICAgICAgICAgICAgICAgICAgICAgICAgICAgICAgICAgICAgICAgICAgICAgICAgICAgICAgICAgICAgICAgICAgICAgICAgICAgICAgICAgICAgICAgICAgICAgICAgICAgICAgICAgICAgICAgICAgICAgICAgICAgICAgICAgICAgICAgICAgICAgICAgICAgICAgICAgICAgICAgICAgICAgICAgICAgICAgICAgICAgICAgICAgICAgICAgICAgICAgICAgICAgICAgICAgICAgICAgICAgICAgICAgICAgICAgICAgICAgICAgICAgICAgICAgICAgICAgICAgICAgICAgICAgICAgICAgICAgICAgICAgICAgICAgICAgICAgICAgICAgICAgICAgICAgICAgICAgICAgICAgICAgICAgICAgICAgICAgICAgICAgICAgICAgICAgICAgICAgICAgICAgICAgICAgICAgICAgICAgICAgICAgICAgICAgICAgICAgICAgICAgICAgICAgICAgICAgICAgICAgICAgICAgICAgICAgICAgICAgICAgICAgICAgICAgICAgICAgICAgICAgICAgICAgICAgICAgICAgICAgICAgICAgICAgICAgICAgICAgICAgICAgICAgICAgICAgICAgICAgICAgICAgICAgICAgICAgICAgICAgICAgICAgICAgICAgICAgICAgIDw/eHBhY2tldCBlbmQ9InciPz7/4gxYSUNDX1BST0ZJTEUAAQEAAAxITGlubwIQAABtbnRyUkdCIFhZWiAHzgACAAkABgAxAABhY3NwTVNGVAAAAABJRUMgc1JHQgAAAAAAAAAAAAAAAAAA9tYAAQAAAADTLUhQICAAAAAAAAAAAAAAAAAAAAAAAAAAAAAAAAAAAAAAAAAAAAAAAAAAAAAAAAAAAAAAABFjcHJ0AAABUAAAADNkZXNjAAABhAAAAGx3dHB0AAAB8AAAABRia3B0AAACBAAAABRyWFlaAAACGAAAABRnWFlaAAACLAAAABRiWFlaAAACQAAAABRkbW5kAAACVAAAAHBkbWRkAAACxAAAAIh2dWVkAAADTAAAAIZ2aWV3AAAD1AAAACRsdW1pAAAD+AAAABRtZWFzAAAEDAAAACR0ZWNoAAAEMAAAAAxyVFJDAAAEPAAACAxnVFJDAAAEPAAACAxiVFJDAAAEPAAACAx0ZXh0AAAAAENvcHlyaWdodCAoYykgMTk5OCBIZXdsZXR0LVBhY2thcmQgQ29tcGFueQAAZGVzYwAAAAAAAAASc1JHQiBJRUM2MTk2Ni0yLjEAAAAAAAAAAAAAABJzUkdCIElFQzYxOTY2LTIuMQAAAAAAAAAAAAAAAAAAAAAAAAAAAAAAAAAAAAAAAAAAAAAAAAAAAAAAAAAAAAAAAAAAWFlaIAAAAAAAAPNRAAEAAAABFsxYWVogAAAAAAAAAAAAAAAAAAAAAFhZWiAAAAAAAABvogAAOPUAAAOQWFlaIAAAAAAAAGKZAAC3hQAAGNpYWVogAAAAAAAAJKAAAA+EAAC2z2Rlc2MAAAAAAAAAFklFQyBodHRwOi8vd3d3LmllYy5jaAAAAAAAAAAAAAAAFklFQyBodHRwOi8vd3d3LmllYy5jaAAAAAAAAAAAAAAAAAAAAAAAAAAAAAAAAAAAAAAAAAAAAAAAAAAAAAAAAAAAAABkZXNjAAAAAAAAAC5JRUMgNjE5NjYtMi4xIERlZmF1bHQgUkdCIGNvbG91ciBzcGFjZSAtIHNSR0IAAAAAAAAAAAAAAC5JRUMgNjE5NjYtMi4xIERlZmF1bHQgUkdCIGNvbG91ciBzcGFjZSAtIHNSR0IAAAAAAAAAAAAAAAAAAAAAAAAAAAAAZGVzYwAAAAAAAAAsUmVmZXJlbmNlIFZpZXdpbmcgQ29uZGl0aW9uIGluIElFQzYxOTY2LTIuMQAAAAAAAAAAAAAALFJlZmVyZW5jZSBWaWV3aW5nIENvbmRpdGlvbiBpbiBJRUM2MTk2Ni0yLjEAAAAAAAAAAAAAAAAAAAAAAAAAAAAAAAAAAHZpZXcAAAAAABOk/gAUXy4AEM8UAAPtzAAEEwsAA1yeAAAAAVhZWiAAAAAAAEwJVgBQAAAAVx/nbWVhcwAAAAAAAAABAAAAAAAAAAAAAAAAAAAAAAAAAo8AAAACc2lnIAAAAABDUlQgY3VydgAAAAAAAAQAAAAABQAKAA8AFAAZAB4AIwAoAC0AMgA3ADsAQABFAEoATwBUAFkAXgBjAGgAbQByAHcAfACBAIYAiwCQAJUAmgCfAKQAqQCuALIAtwC8AMEAxgDLANAA1QDbAOAA5QDrAPAA9gD7AQEBBwENARMBGQEfASUBKwEyATgBPgFFAUwBUgFZAWABZwFuAXUBfAGDAYsBkgGaAaEBqQGxAbkBwQHJAdEB2QHhAekB8gH6AgMCDAIUAh0CJgIvAjgCQQJLAlQCXQJnAnECegKEAo4CmAKiAqwCtgLBAssC1QLgAusC9QMAAwsDFgMhAy0DOANDA08DWgNmA3IDfgOKA5YDogOuA7oDxwPTA+AD7AP5BAYEEwQgBC0EOwRIBFUEYwRxBH4EjASaBKgEtgTEBNME4QTwBP4FDQUcBSsFOgVJBVgFZwV3BYYFlgWmBbUFxQXVBeUF9gYGBhYGJwY3BkgGWQZqBnsGjAadBq8GwAbRBuMG9QcHBxkHKwc9B08HYQd0B4YHmQesB78H0gflB/gICwgfCDIIRghaCG4IggiWCKoIvgjSCOcI+wkQCSUJOglPCWQJeQmPCaQJugnPCeUJ+woRCicKPQpUCmoKgQqYCq4KxQrcCvMLCwsiCzkLUQtpC4ALmAuwC8gL4Qv5DBIMKgxDDFwMdQyODKcMwAzZDPMNDQ0mDUANWg10DY4NqQ3DDd4N+A4TDi4OSQ5kDn8Omw62DtIO7g8JDyUPQQ9eD3oPlg+zD88P7BAJECYQQxBhEH4QmxC5ENcQ9RETETERTxFtEYwRqhHJEegSBxImEkUSZBKEEqMSwxLjEwMTIxNDE2MTgxOkE8UT5RQGFCcUSRRqFIsUrRTOFPAVEhU0FVYVeBWbFb0V4BYDFiYWSRZsFo8WshbWFvoXHRdBF2UXiReuF9IX9xgbGEAYZRiKGK8Y1Rj6GSAZRRlrGZEZtxndGgQaKhpRGncanhrFGuwbFBs7G2MbihuyG9ocAhwqHFIcexyjHMwc9R0eHUcdcB2ZHcMd7B4WHkAeah6UHr4e6R8THz4faR+UH78f6iAVIEEgbCCYIMQg8CEcIUghdSGhIc4h+yInIlUigiKvIt0jCiM4I2YjlCPCI/AkHyRNJHwkqyTaJQklOCVoJZclxyX3JicmVyaHJrcm6CcYJ0kneierJ9woDSg/KHEooijUKQYpOClrKZ0p0CoCKjUqaCqbKs8rAis2K2krnSvRLAUsOSxuLKIs1y0MLUEtdi2rLeEuFi5MLoIuty7uLyQvWi+RL8cv/jA1MGwwpDDbMRIxSjGCMbox8jIqMmMymzLUMw0zRjN/M7gz8TQrNGU0njTYNRM1TTWHNcI1/TY3NnI2rjbpNyQ3YDecN9c4FDhQOIw4yDkFOUI5fzm8Ofk6Njp0OrI67zstO2s7qjvoPCc8ZTykPOM9Ij1hPaE94D4gPmA+oD7gPyE/YT+iP+JAI0BkQKZA50EpQWpBrEHuQjBCckK1QvdDOkN9Q8BEA0RHRIpEzkUSRVVFmkXeRiJGZ0arRvBHNUd7R8BIBUhLSJFI10kdSWNJqUnwSjdKfUrESwxLU0uaS+JMKkxyTLpNAk1KTZNN3E4lTm5Ot08AT0lPk0/dUCdQcVC7UQZRUFGbUeZSMVJ8UsdTE1NfU6pT9lRCVI9U21UoVXVVwlYPVlxWqVb3V0RXklfgWC9YfVjLWRpZaVm4WgdaVlqmWvVbRVuVW+VcNVyGXNZdJ114XcleGl5sXr1fD19hX7NgBWBXYKpg/GFPYaJh9WJJYpxi8GNDY5dj62RAZJRk6WU9ZZJl52Y9ZpJm6Gc9Z5Nn6Wg/aJZo7GlDaZpp8WpIap9q92tPa6dr/2xXbK9tCG1gbbluEm5rbsRvHm94b9FwK3CGcOBxOnGVcfByS3KmcwFzXXO4dBR0cHTMdSh1hXXhdj52m3b4d1Z3s3gReG54zHkqeYl553pGeqV7BHtje8J8IXyBfOF9QX2hfgF+Yn7CfyN/hH/lgEeAqIEKgWuBzYIwgpKC9INXg7qEHYSAhOOFR4Wrhg6GcobXhzuHn4gEiGmIzokziZmJ/opkisqLMIuWi/yMY4zKjTGNmI3/jmaOzo82j56QBpBukNaRP5GokhGSepLjk02TtpQglIqU9JVflcmWNJaflwqXdZfgmEyYuJkkmZCZ/JpomtWbQpuvnByciZz3nWSd0p5Anq6fHZ+Ln/qgaaDYoUehtqImopajBqN2o+akVqTHpTilqaYapoum/adup+CoUqjEqTepqaocqo+rAqt1q+msXKzQrUStuK4trqGvFq+LsACwdbDqsWCx1rJLssKzOLOutCW0nLUTtYq2AbZ5tvC3aLfguFm40blKucK6O7q1uy67p7whvJu9Fb2Pvgq+hL7/v3q/9cBwwOzBZ8Hjwl/C28NYw9TEUcTOxUvFyMZGxsPHQce/yD3IvMk6ybnKOMq3yzbLtsw1zLXNNc21zjbOts83z7jQOdC60TzRvtI/0sHTRNPG1EnUy9VO1dHWVdbY11zX4Nhk2OjZbNnx2nba+9uA3AXcit0Q3ZbeHN6i3ynfr+A24L3hROHM4lPi2+Nj4+vkc+T85YTmDeaW5x/nqegy6LzpRunQ6lvq5etw6/vshu0R7ZzuKO6070DvzPBY8OXxcvH/8ozzGfOn9DT0wvVQ9d72bfb794r4Gfio+Tj5x/pX+uf7d/wH/Jj9Kf26/kv+3P9t////7gAOQWRvYmUAZEAAAAAB/9sAhAAEAwMDAwMEAwMEBgQDBAYHBQQEBQcIBgYHBgYICggJCQkJCAoKDAwMDAwKDAwMDAwMDAwMDAwMDAwMDAwMDAwMAQQFBQgHCA8KCg8UDg4OFBQODg4OFBEMDAwMDBERDAwMDAwMEQwMDAwMDAwMDAwMDAwMDAwMDAwMDAwMDAwMDAz/wAARCAEsASwDAREAAhEBAxEB/90ABAAm/8QBogAAAAcBAQEBAQAAAAAAAAAABAUDAgYBAAcICQoLAQACAgMBAQEBAQAAAAAAAAABAAIDBAUGBwgJCgsQAAIBAwMCBAIGBwMEAgYCcwECAxEEAAUhEjFBUQYTYSJxgRQykaEHFbFCI8FS0eEzFmLwJHKC8SVDNFOSorJjc8I1RCeTo7M2F1RkdMPS4ggmgwkKGBmElEVGpLRW01UoGvLj88TU5PRldYWVpbXF1eX1ZnaGlqa2xtbm9jdHV2d3h5ent8fX5/c4SFhoeIiYqLjI2Oj4KTlJWWl5iZmpucnZ6fkqOkpaanqKmqq6ytrq+hEAAgIBAgMFBQQFBgQIAwNtAQACEQMEIRIxQQVRE2EiBnGBkTKhsfAUwdHhI0IVUmJy8TMkNEOCFpJTJaJjssIHc9I14kSDF1STCAkKGBkmNkUaJ2R0VTfyo7PDKCnT4/OElKS0xNTk9GV1hZWltcXV5fVGVmZ2hpamtsbW5vZHV2d3h5ent8fX5/c4SFhoeIiYqLjI2Oj4OUlZaXmJmam5ydnp+So6SlpqeoqaqrrK2ur6/9oADAMBAAIRAxEAPwDjptTypTKRF0AkriAIvxfhh4WJKwyBOh6YDFLcdy7Uph4aSAiDK9NxhSgbqYDp1xtkChElkY9DTElkm1hMS3F9srMmmYT+H0wASa+GQ4S0Ir1ISPioDloCaKAuWSppSmQIZ0UulmArtkOFBQMjBjXJgKosxrkuFiiLd2rX8MgQxKYKZGG1cxpEAoVUEi/ayQFrbUshXZTtlsYMeJQKNKOm3fL4wRKdLBp6sfiXMyLVxq36IXjyArkwyGRTS3MLGvTFtErVUl4sN9srLJHrchgAN8olMBHCrpU0ZemY5kClULgGrdcpMAUVbbyx0275jzxMQFCRqg75X4dNiWXJIPTCBTMFL+bByemSPJBKLjlrmHMlqLcy1Fe2DETaBzS+SMOdxtm7whna+1s0ZixzYgKZI5bVSa0pkqUFXW8Nnu32R9+BFqVzq8EyVBFTkmYST65H9Z5bUws+j//Q5QWLNtkqeeAXOwUbjfGlpCNR8aSrWqqDiqNdAV65jzkhLri2XqNzlPEyi1DbmlDl8RbZaJFqw3Fa5GUGuSotxLFsTuPHIg01gL/rTkVJy4MwHeozj2wHZStZQRvlRkw3QU0fdfwycSoCkq5IoIpG2qfFWlfbMLLOmFJ5bwxkV6HuDmPE2ghfNCKEAZlY2BCFW2JauZ4i1WjrW1Ug1/HJxFMCi2sEZQV2PfLQWshVFoyoRx6dMLFL7mykdSVXp0OG2yMqSuXT5lIJGxymRciORFRWcgjqOozXzJZ8QbpLFuoNPDMayyBBdJK7JXoRl0ZWkBQWap+PY5OmZguefj75CUWFIeRvV6/PKiFQ0iBd8FJUg1KUyuWPZSEag5Jv3zD5Fjwoe4g4gkZt9PkCaVNOAKEnrU5twdmBRMpEdThYgpDq16VFB3wFnEJE05Y1BwNoDqN/eV3w2yf/0eMi5dHoeuXOkICs05k6jAxAVYI+RBIoMDEo76spWq9ciUAqEnNNjmLNmh+Tu1MgAGQR8EWwJH05eCwJRYCgYJFqJS+9Wp2GBMUAZWU0NR74OKmxFwFmGY+TJTElVaN2GU+KgFReNhlsZpUDDITVRQZlx3QSEwso3Q7nKMuMFrtOIyo8PnmOMaNkQGjpucyscGuSxaVoBt2OZJlTTSNiiovL78jxJpWS4VEKk7jJxkwIVheo6U2y22oxU1ZXBHY4LWmhZCT3p4ZWSqNg05eNOP05TKNp4lK401QDxXMWUGYkkN5YujHiDTIAFyIzBQDWjnYDfLRbkiTUdjIW4tX2yzgKJEL5NPdBVa18MIx20GQCAuIJQpBGS8JIklvNono/TtkZw2bxSZQzgqAD0zUzhuzpdK/NGHfrhhIRKCELDKIFFdj1Ob7FOw45ju64vQy7HMgFjTG9VuOciD3xLbFAqan3yLYEX/uvI3ul/9Lm15pSqSwXftgjO3nBNLFgbnxpUV3yZLZabW9lyAB6ZUZtZKMFmyjb6Mx5ZGPGh5rMsDtlEpqJ0gZLUruBTDGbLjXQSkH02G+ZUSpkm0NqWFabYk20mayWzjNajCU8SW3FitaqMqJZCRWJE0fQZjzAKSbRkcbSAbZRwKFT6mWO65aNlJdJp7KAVWvjmQJFrMmhEyUoMRktbaZyvbLAtrROSQK5kRVGwzKq79PHBIIVxdFRsar4ZjlTFC3FywJKnrkolgQh47tx1OW8TAxTGK+XiBypTJhgQmtpfxbVYYkKQnlveQMtOW2QIY1SpI8PGgpkaRSXTxwuD44OBnHZdp/lnVNSimu7GxlmsbcgXV4F428RPQPIaKD7VrmRj08pHYOXGMzAyr0jmeijLpaxMQCjFSVLxsHQkdQGHcd8snhOM1IbtfFbjZxMK8dxsRiAGEkuvNNjK1UfRkiA1sW1HTQtWA37ZRKLkQn0S2ESoaUNM12bEXLEwiixANQQffNbLGQVQdyOQJBzZYMhDAlKpZmSq1zaRlYRSVXEnqSg+AwkpA6topLA5G2aK/Zp2wrb/9ONX9tGKjqc12KRLy52SP6qolJG2ZhOyQUwt1AAqdxmPKSCUxhSNloRvmDlmWiUlsloprTocxfELTxoC5tVUHbfLYTNtkZoBbVedab5mxns2cabwxlUFMtEmu1OWJiagbZPjZRKClUcqDKy3BoQVG+VJtFQQrQdsICLR0cS9e+S4UWrlIyvxZElrIQNxFFQ03yIVAPCtCTso3zJgm6ev/lz+QcWvWkXmLz7c3Gj6JOA9hptuAl9dxn/AHYxYExRn9nbk/tm0OMQHq59383+t5+TiY8/ieri4MfSVXPL/wALj0h/tkvq/hFbso85eSfyi8oaQ9zD5ehntVKxQyXl7fLeyyk7jnGxANOlMphnwTlwnn/RacuTJdYgZD+nI8X/ABMXmtx5M8seYrKa/wDy9vpbbVIQWl8oavKklxKoPWwuwF9Y039KVVl/i+Bx/Ru5EtXCAuVx8pf7yQ2n7jwy7uJ5rMxYsoBVlJDKwKsCDQgg7gg9RmKNublijug5GdBUZMM6UhcEdWp8sna0FWLUOBpU1wko4AmVvrTLSjbDrkOIMDBOINQvbqMNbwySoTxDqjFST2BpQnLYxMuQaiAOaPttO1+7aRUtXiaNeUjSssfpq2ysyk8gKnrxzKjpskhyUkMv/NrzZq+oeW7PyV+XM9pp9lp6KgsJJPqkk84AVmErgxku5agrzc/Fm9hi8OPpG7stXrMeYjHAVij/AKaXv8h/x4vJvy5t/Nei2eqW/mrT7ixSS5R7ZrpSOUgUiQRkswK9Cd+XLNRqjLbiaMhhKuEsyF9EG413PXMDiDjkKUt1CwIr3yQkxpKrpYpmI65EyTSXtaKDsOmQJttipvZLIp23zDyQZ2lF3amNTQ9OuUCNFmCxfUHMbGpoO5zYY5MwFC5sryzlRb2FoJJo0niVqVaKUVRhQnYjLDJIVIoyd8q4kFE8PhplnFsxf//UjF8/xFids1uHk8tKW6SSXIR69q0zOpAXJfAmgyiUGSZW9yDQ1zCnBxphHLcAipzHljpopC3MqtWmShBnEIcEDfMkBsXi64dcnwrSnLqagUA3PfJCLKMUNHKJH5HIyBbqpHIF4179sxiSCg24sqbg4RItdqi3IpStDmREqte7oKVyzhWkE96K0rhEWbMfyxg0K+80R6h5kKfoDRY21G9SUgJIYiPTRgeoLkEjuBm00eLiMpD+EX+34Op7QzCHBAixOW4/nRj/AAf55oH+jb1DzX+Ydvr1tqHmHy95lke9WKO2sdNj/dL6kzfHO8bLUlQKR9kzRZs2XLqI4jEjFuZS/nf2u10+lM4yyToz7kFc+a7bzbo2l+VX4XWoyGP9LT3Sm3lkINSYXQ8ainxE5r49my0+WWaJI58A+oD+tb00MWHNGOOIHF/F/D/pWO6x5KtrO+li8u6kkzsrS6fac1aSTgQJUYigVlBqreGZWn7QybHJGiDvPp/R+bpu0uzYYzQIkO7q8z1p1ubyS9IJmlYi4Zt2aVdix9z3zbZ5mcuPv+902lh4UODoOX9XuSSfiR75UJOcCl7qMsEmatpGi6lr+pw6RpMDXOoXBPCNeyruzt4Ko3JyyEJZDwx5oMgA9i0H8vfL3l0A6qo1zWAasgjeWOIr/wAVKQiAdzM3L2Azf4Oz8cBcvUfscSWQkqHmLzNBY3Kyi5t9M9IKITYQw3d1G4qCfVlHpR0G3wK1M2oFCmuIssL1nzxaSTC4sJZOEK/Ycq7FxX96/CnOQn+fZa8VWuAyDcMRvkwvVfOWqXtfQZHu0JeGacrMYWoV5gEUD+4G32RlEsvc5EcIHNF2XmrWLGOK2k1SSeT0YzcTORMzSqKfvI2BRlb3FadxiSCKlupgDZAR76yJ40vLYjhKvxxqTRJF2dRXfiD9mvbOY1WMY50OTOMehWLqszD7W+YsZFmYImC/JI5nLhu1yimccySCoNclwtTpKICRiYswkV5LyJFMxjBmAx2/tg+475KIpuBQnoSNx9RmbgoVORJ4qOgFegHhhJZFExwcQMrtqKI9L4em+TvZjb//1YNqNwRXrTMPEHkerGLy9ANN65mhuAWW92zMCa/LISDMhO7S5NPbMSQaZBMFuxxpXfK/DajFTaYudt8nwUq8FyPbI0hY8bsOu2GLIIZ49+uZIDeHKSlMhIJpFRzNSpO2Ys4tclskrHKxBqQ0jS0NCRkxsoQckswNCTXLRJtAQ0jzHepNMsiQ2CkXp4muI5qsVjhKtIF3JDHj9wzIEqiacXNKMZxvmdgzuHyvrRvzDo1slyhiWWOSOQFGQsEJDH9pSaOB0zWY+0sfKZo3X4/Q7bBpMmTeAsrdTsr7R7v6rqS0k7SQsWjqACQHHcV3zYxyCQsMdTp8uGVT/wBj+ttLLVY7RNW0+xlnsOTRrPErSASp1+zvtXMTLqMXFwSkBLucWeMgWOSRa1pOraZHbyapGYfry+tBE20iqCftL2JzKnEjEL5E7OAJxlM1zCQyo/Xr+vMUFviaRGh+XdV8y3xsdLjUmMB7q6mPC3t4ztzlfsPAfabtmZgwzymohtMwHrFlN5f8i6c+maHyur6cA6jf14y3LDYKOFfTjB+ygPxfab26vTaWOIUOfe4cp2WLa75u1K7ia3Mv1fTz9mCI/Czjp8K9R33/ANZtvtZnJQLYHqM8khadJXYqVLA7qu3I177DqPCi9WyqRciIpjF2yrxcoUC1NAfi+DqaDvyNPd29sxpFyohLpYlvZj6YjgkqCWO2423p4UoPkWys7lnyCCa9nhuZImk9VYoxIzptxLkcVNe4Ar9OQMiGYFhlXly5F3poNKFJGoeg4sK9D7jNTreYLGQoo+f90eQPXNcBaRuppdN0zIiE8KLt7yQH7R2ydMDAIn63NKaFyR4ZAzRwAIm2s/X+JgaHvkSbYydPpikmgyoljdJdNYFD0yLLiWLbELWnTAtrfTHKmS6I6P8A/9bnOqXSFiBmFjFPIRDGbgc3r27Zk8WzkBfbJ8QplUpJTeIFVBygyYEtlm5UyQLFMLRSd2yRLVLmmAjLD4cpMmFrvqkjin6sIlTIFb9QbqQctGRyQWjZHuuVyyKSptbEGlNsrMw0SLZtyBWn34BMNdoZ4qMQcSQlDy2wOR4mwFT+qCmSEk8SI0yVNOv47iVOdq37u5QCp9JupA7letMysWSjZ3Di6rD4+PhBojeJ/pftZpq+j+YvK9vpfmDR7pzpgkNzo91CRNaOzfa9N60Ibo0TD1B4bZXqNFCdmuKMufeuk7Qy4iIzuMuh6fj72f8A5b2r+YPLGuS6jaTWOqatJJBPfxqyqI33DQxyclXjU8qdc53V4NTHLAYvVCNbS+6T00O14jHIHnLmQyzyz5J/wjZQT3uuPH5W0aKWSQTRpChlmP7yaRwdzT4UTtm90fZhy5DmzRAkfPlwugz6y4cIPpH2vCPzD83QecvNFzqdmhi0qIC305G2Ywp+23u53zP1mXxJDh+mIoeffJx9PhMQZS5yN/1e6P6/NKdC8vy+YLt4/V+radbr6l9eleQjXsqjblI37K/SdsGk0ks8qGw6lvkeFk2r67Z6Tp8ekaFB9U0uAsqq1OUzsBylmalXJr/wRVVpnZ4cMcMeGIagOIsHvNUKASGQhkJ40qxavVQBSp5bD+br9hfisMm2ML2SS51dGPwSEhlLVU8kVB1oepAbYE/3svX4VyozbhBKbrUCrhJ2EFTxdieSpxHL9nclCebfzS9umVSk2xglrXTy1RXCOwCguQSo34gn2FXf/KyvitsqlFm427PQItOdP2iOPRSNj8NAf9bB0T1YncNeqWkuCP30rStxrStaHb26UzEkS5IrkzDyDMz2t/D1VWSQfTVc12q5D3tWToyecB1IPXNfxUiKXSExHL4lyQF0EzcqHauWy5JMAntlbc6E9cxJNMgyW0gVYxTKRLdxpLmty1aDLgWsqNzZrx5Eb9aZAoS2W2+FuIpgDIID6sedKb5b0Z9H/9fkNzNyJLHMK3lQEDQyPt0w2zR0EfEAnqMgWNo1WNKAVwcKFSKMk1IyYDEplbxmtKfLC1lNIYmoMx5EMKTa2t9q/hmLLKA2xCubWvQZUc7cApyWvEdMp8W0SQ8lsKVGSjNxyhpIgoIy22ooCWFRUnJAqChWCDbvkwCzBUmYCpFNsvAShJbhenTLYJCZeXfP/mLyis9ppFxFLpF6Q1/ol/Cl5ptwRTd4JNg2320KP75lCPUbFyoT2o0Qeh/GzM9I/wCchdU0FEj0rylo0LRklGEt4UBbf+7MhFPYnMqOSYFOPHS4hLiiK+PExPzv+a/nX8w5E/xJfqdOhPK30q0jFvZRkdDwBJdh/M7NlMrPNypeo2UBaaUzWa3+pXSafbyqGtkZTLPMrVoyoCAq7facrmXg7PnlHF9I82gzANBlM/mXy9aaJb6Do14LZ4KSTiaL1fUuJNnllKGgNRstTxVc6HT4o4YcI/BaTEy3LGBoHnfzMs2o+U9GuNdgQtE9/p0TywgLU09Rwqo3/D+ox6UwzyAdQ5eLTykNga89o/6Y7MQ1+w8y+XbtbPzLpd3ot3MrPbwahbPbGSMAIzRrIo9TiDwBDN1+1vlIyA8i5E8Ese0gQxp7gqVCE15B+IqyhlFEoDQUXqK/7LoMgSoFoCS7ZuSgckTt1BUGqgg/zN8bb/5WV8TPhUjKGY0NTRqutefi2/8AldAf2lyNppu7vJFtijN8P23ToCetF6UNacsJlsgDdYwLxpbSEF4VUOSKl2YVY/P4qZA9yWTeSrdYLa+mr8TMkPE9RxJaua7VDYNeQ8mRUL/LNYQgFSlsSRy65fEN0ZoUW7pKNjl7kCTI9OYqFr9OYsw48mQWrgkAnbManFkUwAjABB3ywBrUZaSGnhkCaQhzAvEnvjbJBeiPV98uvZn0f//Q4/Jbu7bjMSIeYDkt2U9PowSQSjoICx3G2UktZKZQ2yjthBUIkQKvQbd8nalExcQaUysliQj4WBIA6Zh5ZMU+s4eQB75rJzbgjxCvfMfjtkgrsBTQZfj3aJyS93pWuZQi1Wl1zNSpr9GXCLFLLi4qp33zIjBaSySfc+OZUYtgCGkuCAaZcIBsEUumujXLBBs4UE9xyapyQCViuSdjkwyCa6VZQ3N7Cl6xS0+KScqKnhGpcjqOtKZfihxyEe9jOZrZh/mnzxJcXk0s0noozKDapXjEAPsjsQAKZtsmboOTk4sFBf8Alu+geZfNsNn5s1QaN5StIZdR1u5Enoym0gWqwxsdvUmYqgoC1OTDpkMc+KyOUQZf6VuzDwcU8hiZcEfTCP1ZMh2hjj/Wlz/o2+kD+fHk82h8tXF3bL5Qi0yX/Dy6JLIsdvMjenbWhR0aNJCKyTTSLtt1NcwsXHqJjJKUsXCb4dvV/WI9R/q3wh0+DsL89hrtScuOVVGMvRD+iI/T/RJO/m8981XV7Z6P/hPVPNln5x8sRejdiL1xcXFhdSgqxifk3p8WbhIqPwcfFw8Nx4/qlHJUjIfX/V6X3+/o5ms0n5DVYsMZHw52BwHjxRlHkD9XDKt4/wAJeQXVo0wb6o5aWOqzW8zAn7VD6bLQP0+LkFyjmLDk8jRSmWSSKQxTlo5U3ZGBHFvbxp+yfHKyabALbhYH4gK/yGleVPbtTwxQUPJMTcKZP3vAtIy0L8uG9PpI39siTuyFU6O4aST1XALkksK1HxHc5G1IZt5SmCwX0fIUAiYr/lVIrvvuMozi4tM+jIYpByG/XrmuMWBCZRKrjDENdqM9uoJ+8HLmyM19oSKKDUnK5BsJZJYx0QVO3fK+FxZFETA/smgGVyDBrmAKnrlEgm1E3C0K1yIiyQ/MerWm2W1syvZ//9GDtpdT0zCEnlVM6bQ1pkJTTSpFZ02AzGMkUjI7VqVp0ywFmAuaErlgKeFRY8Tt8sBDAhGWklGGYOUMAKZHazUUA9M1c4ptFmbbwGVCDEyQF1NtXMuEXGnJJrmfrvmdANdpRcXJFd8yQA2BKprgk9cuiGykKXqd/uy0MwFOUkj2y8NoQMsTHLLZoVoTXIkqrwQio23GIQSm1oFVwHNFdWjZvAOpWv0Vrl+OfDIFrkxDyP5HXUPM62erQ1uXumhf1acY4EJaVwPdRUHr0yeWdEvTaTGJxB72V/ovQtavNbuXtoo4Zb+Ky06N1CxD0asAadjUCuSiOO4ju2/rOL2jOWLTnJEE0bNc+D+Kv6o3ZTo35QeQvOmtXWnWf17S/MF7epDCLp1S1SAx8nkRVFG4kFQCayLRhvmThOnnjEYGXH+OL0/0e6TssQx6qEJ4JCUSOu/F7j0/ShtM/wCcfjp1vey+ZtSutLs9LmuZtQeNYEtn0y1ciFvUqxWSRV5UWv2kT7WRwyhLURhfpjZyS6CA+mj/ADpPOdq67EZYdPpay5pTqYH048Ufqy/5sXz0dUljuJZJYDCrOzRo9QwRmJUNQ/aUdcMMwlydlnx1I1ytMItShuY/RuFD2/QCT4mUVqOG9RmQJ2HEMaXjT7aX1J7S6KI1AYpiSDyagAdd/apHzw8I6FHEeRQEqXNlJLDdUjvGISWFSCOI3FCpIPzHbIGxzbAQRsohW2YGrde3X6citss8r3MrvdRgUDQEkgAmqspA+/K8v0tctk3ivZEkAcUFeuYVLTJtPmSUD4skAHGkCjLhEI+E1wkMQUNBRGFTvXKZN1shs3IUGtRkQ1SCLaVKVJyMg0FL5Z2JIHTtlRix4kDI7hqk0PY48DMSU/Xn5fa+nvhbH//SDSacEFQM0gyvLcKWXMAStBlcpsqQkfFW3wx3ZgIlpo0AIzLjFujFDvN6jEgZbwqYtCAuRUde2SpoIR0Nn0IGY84gtRTK3Vk2PTNbkx7sOio79q5TwNEigrptsmNmopLck70zJjJQlFwrGuXCbcEveMk0y0SZtCLLolIKoLckVYbZkRDIFSkh+Hpl4i2goJ4hy6fLExZqscYUVPXERayiYqbHJtUkX5OMzeaNZmKn14rdnh/1Svp7H/Zb5jzJ+163RmIxgDuSuS0msIp9Olj+O3vVMvDYEyorFh9+ET3Ll1yroWffl75981aZ9WWX6vf3VmJba2ubqAG4WJJGVU9VCpZQpFOXxf5WRMxZJAJkbJ3Ev9MHBxdk4IxIxcWK95eGeGP+lNiN/wBFW89eYvNfmfVLSLWZY49HWVLqPTLSEW1u0ifA7SBamRgCGHNm4/sjLDnlKHByj/NHJt03ZuDTEnFECUvqn/HL3y/Q8/138uIb8XVzbRhZQxKtTZgQajKRJypweFajaXukX09uwqkZDVHgSeP6sz45DTrJ4hapa6pKri4BrIp/dqRVWcbDkp2oDv8APMqOS3ElCtleKe1cejdPzYE8ZlHF1Ymu1a7V6jucmCOrGu5XNvMimS2AuY1H2xu4Hunb8cNIsdWUfl+FuNTnQfEDbOKg7Uqo+85TlNRacuwZVdaeqvuPpzD4mIkr2dITQbY2iQtMQ4YU75MFqMVIxrWtaZCSgphbXJiUDl8soukHcokXgc8a42wIVVo3XpkwGouaCNhXLaa7Ufqo5ZCmfE//0xFzKoGc0A88WP30wFctjC2KRPdfEd8zIY2cQ5rscdz8szIwckBWtpkc5KkSTq2jVqEDK5OLJN4YVpuMxyXHLbxgdOuY8w0lDTZiENMkDKeuQLBZpmhan5j1S30XRbf6zqNySI46hVVVFWd2Oyqo6scsxQlkO3QWe6Mf5xQZcI5PXl/Ifytoeji780vf6xqqjlcLZz/o/ToqCrBJBHJK9B3I+Lwy6eXFjjfDkkP5/DwxP9Xl9rnTx5cOMS8A5JH+lwY/9ON/9jTzmTyX5I81QSt+XmpXNp5ghUuPLGuvGfrYSpYWN4gQO4oKRyqrNm0hpfFs4jxeR2l+PmnTyxaoiEQceX/U5niB8oT6/P8AzR05ykDcjVSpBIZWBVgwNCCD0I75HHFq5bFUcBVoczYxUICaXqNgMtpvigXnXlgptpsShtsaYkK6Ptt1GAtZDJfJjtHrqrCivd3sMlpArGitJKAVUntUrQHxyqY2c/QZuDKInkdkw1fTXnur2aa1e0vf3S3NvKN1kjXjX36dcwrenGxSCzu9VtpRb6XGBc8z9kCpLH8MeNuDKRFq0sQOr/BKlGWu+48DkhJnTKLeG1udPNCnqMpLADYnr0ywU0SEgXgHmfym175ivYI0HE6bDd9P2kmdCPxFcs4tmkw3LyiTQriLULm3ClXjm9Pj3qTt+vLeNxzj6EI2bypd22kyaqxbmZ/ShRNxxFQxYd6kbZAZiJIOASS6ddT0e4FvdK9tNQNHyqKr2KnvmbjzCXJw54jE7s+/LfVLGfVbqN04apcwcY3UUWTgebVA6NQbH9rHMDKOzg5omvJm1+6jfNe0xCRvqEUUlGNN+uTBbwEwt76CSh5dcuDWQjvUVxRfvwSDWRS7ouY0mBbjlowp1GVGS0mcMtV374Y5GohFKwFOXTMoStqIdUcq5Ji//9QrmvefQ5oRGnn0pvZDxrXfMiASIscuJzGxJObDGG6EUA+oNyoDmVTkiNJtplw7kDvlc9mnIGa6eQVUnMKZcOScq6AAA5jkuOSpvJXKyGgoSZhmPINUkvmO+UFjTKPJPnX/AAal49jpgv8AUbz/AHpmkk9JUtYxsqsATUseXvtmwxTj4UYVdz48g5ccI/TC/wDZFlp4EamOSUeLHAWY3XEf1f2NWv5j32l6lqd9p8TQWmp24sltfXkY2kXVmh5Fl9RiSzOy7nNrHXgzJMfRICPBf0RH83+H+lydvg7VzRMpSo8W1fwxHTh/Wluq3nknVZI49G069sLyOFA97VFD3EXxer6anYudmav+VSuVZDjhMT0/EK+ri5SH3/ocfXY9Pn9WAGE4j/ZD8fUxKchnMrnk8o5sxNasepr33zK4bN9+7gxkSLJ36oGehBplwDaEgvpfTBwkORFJfrPJ612yDeFVLseO4xSQiobseO2AsDFN9Lu2W5iljfhJE6yRvXcNGwZT9BGY55sOE29KXUPNfmjzdpVzqmmQDTPMUXq217aS8uRZ2jeGaNgGDqylldarlWWA5g83rMGbxYXXxb1vydr/AJa1CTUdJjifUIVkSFJ+QgL9i/EEhfcZWIEFyb2YhZav+amvymz1HTrDTGaTgssp+sxlOhZFVy5PzC5kT4O/dcZnI7ig9V0TyXPplq0tzffXJivxDh6YFRvQCuUcNM5SYvrOkRWmoC9EYEgs2t3NOq8wQPoIrkSWUQCHla+XIbvX765K7m4jalN/ijBr9+TEmswdrHlae40mHT7RB6sVw4niZS7SAHnGVUV6E/PE0TszxQ6nkj/KnkSG/a50D8xrLhpMkZmt1lal3byJuZkIJaNAlSQx+jIxkYyZZMcJRJeG+VopxrttLayn0bScy/WPs/uInNGPuwFKe+bTip5nIBT0S81wyVpsD0B7DMXhtoGNj1xeiSTY7+OWCLcIIywu5Oag7j2yXJjKLKbW9jCAE742HGlFEG7XpXKZhhwqkEisa1zW5LCkIo3JQgdsqhLdpIV31FVVRXpmyxlr4bW/pNeVK9qZmI4Nn//VjEMbsPE+OaKeSnQgOntHcZCGdkGOalaFeWbTDO26JY88ZElPfNiHJB2T/SY2+GgyE+TRMs0sAyqPlmumXCmmgegGY5LhzKx5gMFtKDmuAa+2UksCl004HfKSLWk18r+reXMsVtAt5cRqZGsXHL14TTmAB3A79uuXQkIGJIsXUv6rDFOePUD08cJCpD3f8UriPTNWuI9It9ObT7kNIZacpJSi7qKnfmBsaimb+eKGUCGKHDMX/S4h73n+2pajTk58Nng2jj+qPq/nx/i/rc2d+QfyZfXEm/xXp91Y2FHuY9WW4SFY7dNlQjcktu7VWiqMyzp8eDATmHq57H6R3e/ye37F0vi6fxtTEwiYg/6meL+L0/Vw+95N5tudHbzBqEXl4U0SCQwWLA1Dxw/BzBP8xBOYWm4vDHHzp1GK9yepNf1f4fix6SX4TmaHIDE9ZuyX4g7e2Rk5MEl+sUOVuQFFrwqeuLNXhv8AxOAppNrG/LNtmPINco2+1PyHtrHU/wAtPK2oXqRiTT7nUYopnA5hYpmY0Y7gfF0ycBdW7vRg+EAEb5vR3M17YQG6tI6mZl3oB3GRmCdw7UR6FKrXQ7SaFb+1VP3gBPwjvvWuUHdkNtiozrKisgG3TxGQLMgMS8w6eZ4SSKt0+jIFiNnmUcBsddbkKJcUblSvxoDSvzGSCZFN9M87eUIb650nzEZtOubeRWgvY2ZYpVoD9pRUHGXPdjAgC7HxeVfnp+Ztrqto/lvybC9po1w3+5LUmBSa8Ub+kv7Qir9ok1k/1cyMMRduJmyGqDA9Nkis9Pt1to1RZo1kl2NWen2ietRmU6oipLJbmSQ0Jr8slTKl8FsXIY5EyYyKcW0XAbbHKTJpJtMEkXh74oIaNwV+WAi0UioLsAVrmNOFtcgrtfjbfpmOMe7jmO6EudUHGgOZ+OCiKD/S4rSv45ksuF//1imwjVgDnJZ5U6YBMmtU9IkjfMGGQ2li2sQr8QAzpNKVDE3tGMtaZvInZvB2ZJpNoQFyjJJxZyZTbxcFGa6ZcOcl00gUZikuLIpdNOB3wW1kpfNdAV3yslACAluOWwO5whnSL025uLG4ivrOZ7e9gYSQXETFJEcdwRuMysVxII5sOr0XR/zm1DRbv9KXPlzS9Q1gp6c2oK01m8/+VKkRKM227BVrm0w6jJAkg/Vz/YOjtNN2hPAKiB7zuk/n/wDOrzn58tTpd40Gk6Aac9L00Oqy0/39Kx5OP8n4VwGPHISmeIjl3D4NGq1WTUG5n4dHmjTqPb2zJBcURQF1ckqQOmWcTaIsW1Al328ciS5MQlrgipyLaEHKxrizUQzV2xVPdNLLQHGlL6q/IfWItb8iT+SpLh7eaxv35PEwWQ22oESchWuwdWXKJjeu93GhyVA/0Smb+WPPWiajeWcHmLj5dMjwRQXMFXdR/uxGBBrQ0pumVGBHI7O8jniRZjZTiLUhpFolirckjAUEneg8chI8LULJQcmrJIeRf6K5AFspLdRvllWvQAGm+2LF53rPpyXEjjqtCKd8CnkwjWLFLu5EoHJ1oOXcnpv74baJRedfmdpQguY7eMbw2yTSH3kNAP45lYeThTPqISqykSfRYFTeW1JSZafEtTsfGmZHIuPlFgFQiYhqn6MSWkprBKoAyiTWUfHMAK5WwpszqDWuWxCqMtyeg6d8tpWvrhUdaZAxYFDSagwBoanAINZQE1+9dz0y0BCG+uH1K4p4X//Xj2nXa0G+cpqYF04Th71fT+jMPHiNsrSO9pNXN/gjwqErFpWQUFc2olswlJPrC3CAVGY85OHOaa7Ku2Yci4spJddzBa75Q0EpFdXYFaHGkBKZ7tieuDhbAFkMhJBPU5ZGKU0hf4ffMmIQtlc0O+ZMUJVdzBFp3y4GmYCB5sdzjxNoCFuK8TkxNmAk88ZOSEm0ICaI9hkrZoGSA1wsw63tqtU4qntrAABiglm/kTzLceUdcTU41ZrSWM218kf2/RYhg6/5UbAMo77jK5x4h5tuDN4cr6dfczrWR5svYl8wad5xlthPO31aH0UurZ4R8QT9421Sa9qZjAbWTRe402XFkgImqHVdp+sa6UMWuyQySg/DNbhlBU/zKxND8sgQ4+QwjL07hGtfyCnE7HatcjSidhDXupmOIh2pTc79MBNKIksSF7LrF0YrCjQ1pJddY1p2X+Y/hkUkAI8aQECxorNQgs7bkt44WBDD/wA2/L08D2WqcCbHVbdbb1gPhS6tvtRk+JQhx4iuZsNg6XOTHID0eQzOdKljmA/dSfup03HQ7MCOlRmQTYZ8/ivmYLIQFIp3PU5Hm40hRVYZx45WYtSpJeemAFNTjGKFqXru3hl1JtWWRmxYEqcsvhgaCUKWNMWKi9TiyClx3rTFlb//0Oa2uolKCua/LgBdJdpvHqPNQK5iDDTIKqz896/LMuEKZFEwhWIJy0lxplNYiqLmMZW4E5LZriinemQpoNlI7666gYOFgAkM8jMTh4W4BBtUnDTZSIhNMIDEo5JKDLohioXFzxBA3bMgcmVJVKWdiTgJbQKWqMhxM1GcVNMkJMggnir2y0FmhZoQB0y0FkEE8I8MmyC63g6YWSbW0RNAMWsllWg6Be6oJJYWhtrS3H727un9OItSvAHqSfDNjo+zc2rvgGw5yPJxsuphi+rmn+gXd7putWunSz6dq+mXStLf6bDcxmMwqwQGOR+IWVCeQ3+IfCeuSn2NqDMwoE1fNz8PaMYYxM3V1yZZr8OhaOty91cQ6bb2gD3ElzKFCqxopIqT8VRQCtTtmqnos0SYmBsc3oYarDIAiYopre/l/wCabOwlupbRYlgA9SF3AnDMgkCmPqGCsCyn4krRhyzEOKblQy4+dvI9Ssdb1W9a1vVaOzVt4I6gMP8ALPU/LMYggubdjbkzXy55cm4JGiCOJem223gMnGBLRKVMvXQFRKBCzfzeOXiNNAkSjofI0XnXy9q/l3VoWh0Hj6rauSsa2V3CCYplZiAShPxr0ZCytmRiiZGgHB1fAI+o0+UvzA8laboUCQWfmbTvNB4uby60iO4SG1kQ0KObhV51+0OFdq5n5NFnxR4pRIDg4NTCXpB9zCC/OxtC3H6ykYWWoBJoaA8u+YcHJmLKiWmX4nBFeh2p+GTppMGgSxrhqkIiNOmBokilYgUwNJKm1W+WLWsMZNcCFhjxTbvSOK2//9HjHNlNclKNuiBTC2uW2qcxzBkCm9tKxAP+YxpkmUVwEAyEouPMIoXwK9cxzBwpxtDzXla74OFr4Ernk5nrgpPCgnAPfDTKlnpb9MDJeiUwgtZXFyNstChCyks2WW2gKRSpyJLNbwp8siUKMi1bCGSg6gdMvDMIWVKj3y5IQjRGuENgVYodgFG5ySlOLO34gV65MNJK/Wb27t4dG0fTkhfUtavngR7tPUgg0+OMNdTAFgFK/aZ+ypnT9lZcscfBD+OdD5fvD8A4s4QlKUpcox+3+Fl+mW/5eaF5dl8/asSNKvAZNP0u+ccksEc+izqAfUeUqJETwKLStc6QY8QBzXwCvqPWPu/pfw9XD48pl4NcR8ukvf8A0f4uj3f8o/yU1fWbZPzW/MG0V9e+C/8AK3k34Vt7CYbwXF4WJ9a6RCroj/u4G6J6u6cj2h2jLKeAekHn3+XEev3Dp3vQ6LTRxi+ddf8AdcPd/vur0rzjpoWx+q2gJhjVgvInmzMSzO5O5d2JZydyxzQyNB32OiXkEPkxnuDK8YLE9O+YJjZdmJ0KZhpXknUJlC21k5QftceK/wDBNQZdGBcPJlgDuUy17TPLXkHRm8x/mHqK6dpSHglrAGluriUiqxRBd2Y/5I+EfEzKuZum0U88uGIv7h/WLrtR2jCA2/Hui+W/P/5leYvzIklsrmJtI8iRSFtH8txhRCkS7RyXDRk+tKerFmIBPTO80WghgjsPV1l/xPdH8F5XUaiWSVk2x6x0UzAGWAyW7gB0crTYdQM28MI6i3Xzy9zCfOXkWbRIDd6akk9jG8ks0Yo31eBiCGA+0UDGhP7G3LjnE9p9kHTXkhZgT/pP2PRaPtAZqjP6q/0zENL0z9I3McLXMNnC8iRGeb1HJaQ0AjihV5Zn/wCK41LHOfJN1EGRPIB3WLEZnmAPx06vYdX/ACV8leWLO2n8w+fru3kuFUvPDoTSwW7MKhZoDdC5BHRwqFl7jM7N2R2lDF4vhw4e4zqf2jh+Tm5dPpIHhOeJn/NG/D/Wq+H4sH8y+S7zywlvew6lp/mHy7emllr2jzGW3diK+nNFIFmt5RX+7mRf8lmzVRnIS4JxMJ1fCaO3fGUfTL7x1DrNRpp44ifOB/iDH9+h7Za4Bb4YGtd6Z8MVcY6nFDfpb0piyf/S4zKVXrlpediqWzVpmOS2hOIGKrgbAulu+A65MRtHAprqFO+RMGqWJa99X9rKjBq8NRa69+uQMWPC5JgxyBCmKKUjjU5WQ1kOJxAazFTbrlgSApFck2AOCeIwK0Y64oUmSldssAVCyJv0y0MkM8ZJywMwVJ0A6dckyCNsbMtRmHXJhEinUdqaBUWrtQKviTsB9+T5NFsb83atprajPpNkRA0Ns1he60Grw0qJud7wQmnqTyn0uQALJ8H2a53Axww444o7S4fXP+bGXqy/8S4+ISl6jyuxHvl/k/l9T1z/AJx7/Ke784TQ/m159t+fl62rJ5E0Cch4mmRgq3s8Z+E8AB6CN9pvi48FWuqz5pZiL+kfTH+j/O/rf7n5OyjAYgQPqP1S/wB6+q7fzPrWjXxstIt/rw1O6uTDZOrSSPJGtfUBUjhEAF5TORFuq155hZscJi5bEAfj9jfilOJqPVTk/NCiyPe6MssqAgC3mBV5h6o9H98g4MphYM7/ALvpxbjvlJ0ndJl4hO6X3f5qeh6yaZ5fjnu4VHCEuA8rMZVpEUQCqtGBxJq3qLw5YBpB1KeORYV5v/OTzBpdpearqupro2gxfDZS2KLHPdOwDItqZ+XJzFPFNwmKDlHIv2Nsy8GkjOVAe/i/h/rfc1ZJ8EbL5l1PzJ5g88aqfMfmCSRI0qbG0eVriOFGJLAcqcgTUivT7P2FTOx0mAQjQFD/AHX9KTo8+S5ef3IkW0cCBqcpuPNmUUB5U9/vzZCLgmSEu9QkEhhhBlnUArVuCg9AN+mRlOthzZRh1PJp9WXTLP1dWuuMJcRDqGMjihVWA3JBoVoQy/a2yOTLGECch2ZRxmcgIBL/ACzefl1pWrtB5ZnluPMEUzompzQCS1tEZGY2tr2WtKS3DDnx2TiM1vY2n0ODJKUTxT/h2NRv+Dj5bcv0ud27qNaMMMcABt+8MZUefMdfSN/6U2Qyt5Q87QaTpmrTIt9Z+tPdatbKYo2YKRSI1NRT2+KmbueTHq4iOU8fDv3DirhPDL4/F4aWLU6CeTJgBqdRhH65c/qyR/338NvN9V0uPy7NNbwXQntrocbiAghJ7aVv3UsZAo4AHxb1jcZxHbXZ2DHjvHkswP0S+r1fRPGa9Ua2yfzX0PsjtHPkHh5YVGQ+HF/FxeYP0d8WOPA8UrxN1QlSfl3zkQbFuykKNLhRQMWtsEEnxxY0u2GBVvIV/hil/9Pgkt56k/FTsMtPJ56ITSxYEgZiFupO+ibYQ2BL7uQg++ZMW8BLZLllbY7YSFIC36yT3yBDTIL/AKxUUJ6ZUQ0kI63krlRiwITFWJAyumoheOlcjTXS0jJUtNAd8NJpURdzXGlpsx/j2yYDEhRdK9MmAxQrx+IyTJCyJTphCWoLf1ZB4DLAzMtmQWlmAo2y0NJkmsvoaRoF7rVwU+syI9vpUbGriVaGW4oOnprsh/nPtXOn7F0YkTnmLjH6b/n/APHXX58lkQHM8/6rxLS9Ll8zWtpbzPJb6fr+rjTYXtbWS9vnWBecixxxVduRYIifZ5cmbLck+PEZSNRlPhvr6d5O3xjhmANzGPF5b8n6PaB5N8+y6XYaX5f0W28s6Paw28Vpda8/rzQxQgAcNPtGoz/CNpp0/aqAc1OfW4723czFpZnns9P0LyJpug2F5HHNLe65qMLw3+u3hV7uUupAAoAkcan7EMSpEv8ALy5MdVPPKUgTyHR2McIjEgdXgl3pZ0ydP0uqlXdvrdvGhll+uRgTBFDD96zPbzqUZPTQSfbpm84geX4/Fh1gHekGteY9M0Gzn1m+vIrSLRrd3kvJHWdWVOCB41JJuHDpaOGXnxWWiNtTJQgZmh/Z7+7qspCIv8W+X9Y8yal+Z+unUJlms/KdiwXTNFllM8cEfI8C54oHk348+A+AKnRc3mjwCew+kf7M9/8Ax3o63UZeHc/V9zKYLc84+CFVGyHf7XTw6U9s6QAOlJdqAltonYpwqeVSDQse3Lp9GSlsGMdyxubUbS1j9Pk31kENLItC8rSniEXlt6jnZB9OYUskY7dfx9vc5YgT7mLea5dbtOdxqwktdMiotbcRSoqE7R+jMA6tX7brXkfbNRrjliCZ2Ijuo/Dhl6uL+dJz9LwEjh3kfePtHTuCaWvlHnpNos802n3N/MzzxWiBj9TnUUhJXifU4/G56VPHNnpNJDJpqnI4yTxbDnGX8B/p/wARcHtDPkhnJgBkjWxO3rH8X9T+H/ZMr17SLbR9D1GXypG0kWm2gMrOvqtcP0CQiMdR3jpRdycy8+gOLEZYfVwx7uK9ulfjd5nR9q5MmSMNSBCWSW38HBH+nxc/638TDLby3LLHZ28+rB765JluLe4Rw8UpQSSj2jjACk/zZyPbWlGnwicstk88Rj6+P+L/ADI3/ptub23ZGWerzSAx1GN1OxwygP4j3Xz9yQ3DrJLJIn2GYlf9XsfuzkByDtJGyShmfCwtT9WnzwIK8SVBwFC31N6YE7v/1PNENyedSdycuLo4hkGm3NWGUSi3c2RpKDHkRFkAgZwWq2XhyAlMx+L5ZJBQzOVwOPIqkLFjkSGu04tDQVyqQYFNImBAykhrpEbHBwsCFjEYQF4VnqAZKmVKttFc3t3b2NknqX15NFa2sfZpp3EaA+3JhXJCNmmMntU0H5H6d5if8qbzQ7h72OT9EXf5hPcH1o9Wei+rHDy4iJJTw4049qHc5kVEbNkuAHhr/O6+/wBzxi+tLrTb+80u/UpfWE8tpdKRwIlgcxt8J3FSKgZXKNGnEKCkIJ26ZGlQ7ryNB3whkEfY2wJBy0MCU6h9GNGaeVYII1aSadwSscaCrMQNzQDoNzmVgxHLMQFAnv5NUjQt5Xr/AJjm8664mlaIzx2V40en6cWqSBI4ANAep3dt860zBEcGE+kekH+cf53+cuPF4YM5jf6i+qv+cePKejeX/wAztD0O3QynQ9MubxJnPI85SsDSdKB3JJNPlk+2oRw6aGKPn+on4o7NnLLmlkl5fj4PtevfOBexWO4AJJ6dcUEsO85eWvLt/b3nmC8uBpF5bWv+k60pQIlnbutw31hJQY3jUxivIclXlwdeWZmnnksRG99Pe4mYRoyO1PzJ/NL8xz561dNF0KXh5G0lymnpGjQC89NmVLl1kaSSnp8UiWWR+CKD8OdNCNekf5x7/L+oPtO7qJS/iPwHd/x7+xPfJtjcWmkCchVSQn0EaPw/aNeo8M6rR4zHG6LUyBkm2reYLby5Y3F9MFmnK8IoZDT4zsCae/XMnNmGKJkXHhjOQ08TvPMWr6xqTST3MsiKxkEaOyqHb7INOwzkMmsyZcl29DDTwhDkybS0WTS5rh4xflfWWp4vb1VAzTb0q6k8WFfhGbTDvAn6ufu5fV+hw8m0u78cklWbSn1Cwtrmemiaaqz3l9dzOy3EygBQokNQtdgo8GzB4sZnGJPoj6pSkfqPlfRyhGVEgeo7CI6Ii+/MawsLgmxkvL1JQWneNvq6kHshb9k9agcvDKc/a4xz4sEjL+cP4D+P5wc/R6cVwZ4gx/2bJvJPnny3HPd3uuSXkTTRD05rWJ5DCFBEQSF29IkMd+bfH3zMh7U5dPCRGH1T68Q4fL0nl8Obfk7H7HzYiMvHxRPo2v8A03kk+patFcvctYtcSfXK/WdQvWVrqaOtQtI/gRT3Vf8AV+znDZ82XUZTlyy4pH8f7H+ED0xSZY8ePwsMeCH2y/UPwUjk2GRcYlBSORihYCWwKVwJyJVbyNfxwLT/AP/V8rRynlmSQ6SJT7TZiKZWQ2hkcdxVAteuCm4BUY/uzhbQEonJDGnXCwkhHqcDjSV7bbri1ppA9FFMgQtJlBKNq5WQtIoSZCl4VpfauLEhQeQU+eLFN/JmuWWgedPLmualIY9O03UrW6u5QORSGOQFnpQ14j4jlmM1IIlyXee7a80nzv5gsrj/AHpXUZLi3dTVZIrqT17eaM/tJIrqyMOuWH6mE+RZB+dL+l+aHmBNvVBtfrNOv1j6rF6lfevXJ5fqYkbsC9XbK6YUqQLzJOEBSm1uQhX2yYakZaQy393HZwSLE8lS07txSKNAWeRm7BFBYnMnT4JZskccecixySEImR5JFomr6DqfnzzD+Y+h6Olp5a0nho+kwovpJfarcKI3unUkhDwQsxUdWX9pjncaXhOeUx9OP0cX8/J1r+r9PucbPCQwxxyPqn6v6mPue6/84tPdah5w8xeY7kL6jrBZRFN0WOP4iqVrtU5pe08py5ZX02dlpYDHCIHvfaayVjVjsT+vOTI3ejB2QMkrhwh6PsCemXCIpx5SN0/O3/nKb/nILX/OPmDVvyz0Rn0/yTpdy1teem37zVJYiPjkIpSIMPgi6H7bVPTpIYRpxw16yPUf5okPoh/v5c+nJ1Qn41Sv0/wj3fxS/wB73e94d5b01rieC3A/eTyUPT7PU/IUzZaTFZAcTPMbl6Rd6xFbSPbh0e3tAEQq43ZRXYHtttnRSzcJI7nUjHYvveZecfMcmoTUZvhj2Cg1BJzmtfqjI07bS4AEn0uGQafe6iZQqRgIoVfUZ55iFjjodqM2zf5OYeCJ4JTuq+O5+mPxcvJ9QjXP8H5Mu8wJZ2FklpcCX6vYwC1jtY0CiZ2q5PIMKH1Cz9Dtm21IhCAibqIqv50uf+6dfhJlKxzJ+z/pFI9UtGjk0oQwcxM0VrJbuocn6weIcbfaBIIpmu1IEBE1Y6hzMB4jIWr/AJn+SU8qeav0VGeNpNbJJDUUIK/BIPvFfpznsIEi7DjsWxJ9av8ATrhf0XcyWxjAUlKUYgU3VgQaDxGZGTKQaCYwBG7Mf0hdanBbX99wN7PBG1w0aLErPSnLggCgkUrQdcwc5ud/saDERJA5ISVidspYlQ9OpwpAXLFgVsx0r2GRKqfp/FWmCk0//9byiiHltmW6EJvZMyEVyBbYshtW5AE4HIijC3wUwNwS65FGJwNUkIxr88XGkVWM0wtdoqOXiOuBkCjIbgbCuRIbEak1dsqKkKhfbIEtckLK5GC2q0O7chQ7g9RjaOJ6/wDlRrOg+d/MnlHyh590ltU1DR5VXyvrMM/1eb07WtxFp98OLevbKy8ov92J9ivBjl0Mnf0ZQokAix+PsebeYtX1DXfMmta1qrK2p3+oXU96YwRH6pmZSEB/ZFOK+wwSlu1k2bKX8j1P3YQWJCa2S0j36nLGqRRLNxWnTJBjVoDUtRFvoevW8MjxapfWX1XTp06IzSK0nLv8arw28c2mg1McBlI2JcJET72MsfFKPcDZZC+nWXlb8tNF8tmP1dSiEF5eyrukc7y82Yt+07MzA/6ud7ixjDpYxPQcR/rH1St1ZmcuolIe4e7o+hP+caNHFtocN+qcP0g0l2VO2ztt+GcTqJiRlLvNvQ4xVDufT6NWIV+7wzRkbu6B9LAvzZ83x+S/I+p6yGP1+RfqWmoAWLXVzVF2G54jk5/1c2/Zem8fPGJ+keqXuj+3Z1evzeHiJHM+kPzG/Mm1kbzMmpBP3epRKzb8gZo/hPxDYkjeudR2jA+KJfzh9zqdHIDFw9yt5Wt00+3udQuJShWscbtRSqkAsQf5u2X6KPADIlhqDxUAhNWvLOO3klsn4qx7mrgnoxPfKs+SAjcWUIyJosY0fQpfNOrpZAkWSMGupR4deFexIBJ8F3zU4dOdTk4f4f4nYTyjBDi69GWxm3utSfUUgjt/KXluQNbxoAiXmpQqEh5j9sr9pz+yoRe+bYiMp3VYsR/5WZI/QPP9AcCzGO+88n+xgfq/YldBrl762qs7O5rDDACzFq7txFep6nMTJkGU8eY0G2ETH04w93/Kr8m72/1Gz8z+bIHht9OkjuNL0w0LSzp9iSfwVOojH2m+1tmn1utGQcEOX879TmYcXBv1Rn/OSfkg2/k6/wDNSRc72yjXhLxDcUeZQx3+e+ayAIsjnTbH6gOhL4ycuftfa8ffEk9XPAHR6Lbz2t3Y211aNW3aNE490kjUK6N7givuDkMw9Vjkfx9jgSBBIKwpXKEBtYgMVCqIwBgZBaYwcWQCn6Qr74op/9fy7FD8WZFuiCYRpxpgttCaWr0AwN0US8xApgbkJM/PFqkUGz0amLiSVlcUwsWxIQcKQiYZDUAZAswUyhZjlUmRKJ5VGUFpJQ0p8cjbUVXTNK1bXtQi0nQrC41TVZ+RgsbONpp3CDkxCrvQAVJ6DCASgAnYbsu8iaJ500L8yPLcg8uasmrWGpW87WhsLkSCMOFkY1jA4qjEk1pkvp+rZkBISGxu+5lXmn8jfzJu/PeuW3lnyreXmh3Wp3D6VqYMMdpJBM/qrIZHkFF+I7kZMniOzbLBPi2BpNbP/nFD81JjCby60Ox5uFkR715XjUndqJDRqfyg5dHGyGlyHu+bKrT/AJxL80NM9p/i7SvrKLyEYtbmpXx+J129xXLKA52g6DJ3j7Up1D/nFb814NQjtIJNJu7F/tamLp4Y4/8AXjeMv/wPLCOE9fsazpMoPIe+0Dqf/OLnmjy/AnmHzVrmmHT4HU22n6eZpri6vuQ9CDlKkaKhYcpX+IrGrfDmy7P04zaiMeYB4pbfwxaNTCWHEZGh3b36nn3m+KOUxLbSGVLu/W0seAoHjtEPqTNXccpWYJ2zvO1chjgPmXS6CIOT4f2Psj8otGGm+XrJQpAjgSMVHgKk/Sc4PPLo9LiHV6gZ1VSAamnyzX8LsOOny7/zkV5qt9Y81ab5VicTWWgo0+oxqxH+m3QCqlelUjoDXoXzvewNLwYjkPOfL+pH/ipfc8p2pn48nCP4f90f1PCvMfkhfNT2fl7Tpo7XUZb9IbMgh4l9SJmUUHVSVNeP+x3zZ9oxAwGX82i4uhkTlEe+3j+oJb/U0sZ5OSQlquhqvqhirfQafCc1GQRMACdnZRJu+rD78osUiwSM8ZBJjNSynoAfn2zTZaAIB2dhjsmyGcNLD5K8nRwGRE1e9iVLhE3uEEpBcqKfabpU9FULm8Eho9KL+sj/ADt3XEHUZzX0hU8s6DN5q1Cz0rUS+nwQSfV7W0R24RxE15EtX94xNXPj1zmtVrssZjHQHD032/49/OdrDBDh4+d/j/S9z6H0j8kk8qu89opZJFAZm+MsBvux6nNTnM8huZtsjIAUBT33yzaibTYFoOUaqCnQ7DJRNhBFFi356aFHqv5Teb7JQeY064lioafFEvqAV8Krl+IWa72qRog9xD8yxaXqIkkkLemygg9R94yfhTjzDmeJE8iyvy/bNa6c5fkGunEhQ9AEBAI9zXr4ZTmNDh+LRM2U1AGYrWuAqa9sVXkgYGQaWm5OKba479MUW//Q81RpRhlzogVZjTA2gq8UvHvhbgVRpuR69cWy9lkjjqMWmZQrtvXDTiyXq1BgYqgNTtiyRdvu2/QYClNoBUZjSKkogjbKS1lBzmmANZZn+TOueYNG/MnRYfLTRpqOtyroztLsvoXTKXao3+EJzp+1x44ZTMImQ6ObotR4GUS4eK/TXv8A1P0RutSl0m1SFJHnZF3llJZiF25H5ntnn3tF7Q5tFADHvkyXXF9IH9XrZ6fN6DDDxZEnklKavc6SbawljZIXYrE1KipapU0rQ/FtXMPtfX9p6HVYTsMOUR9JA4uPbxPp9Q3+n+FlgxY545UfVG0brVlHcX2n3Bk9Li0nroATzULsaDqVOeiaPJIy4RyasW9h5758/NpvLFyVsoITpmmcGuZp2HqfGacYgOh47nN/w02ThDhqV2UyuvzEt/T5zSs0KrzFP2qiq19qZlRxgHZ5mWSR5l5H+Zfnk65Pp8DFvqllC5WFSFjN1dP6TO46lhGCFHhzztextOIY5ZOsj/sY/wDHnne0MpnMR6RH2n9jyGO5sPMfn7y75c0aInTNMTm5ajM0krVFSK0KoPsj7PPMftnPyhf9I/ocns/EeEzPXZ9w6BZjTtMt4k2KRgEdum4zjchsu/gKCh5g8zaf5c0y91fUZfStLKJp2Zv2mUfClO5ZiFpluDBLNkjCPORpry5hjiZHo+ML2W/1W7ur++H1i71djPKjhXKiZy7OxHUtX4VPagz1SEAIiIGwFB4oyJNnndn3vL/MH5i2PlTzD6Hl2RrnUdEd3tUSQgJq7QenFcOwWjRW6ll4I6s0vT4RnL9q6oGXgR3r6/638Mfg9BoMBrxZbX9P9X+L4yeai5MSRyXBM8z8nnL9XdjVmNO5JJzC4xEC93I4eKRpbbXFhc6pZpNCsNikonumLU5LD8dCT0qQMEZwlOIqo3cv83dnwSjEm7NbfFS8yeYbbUL97tGDzl/XCqjekHXoQ7UJA27ZVrdZHJPiBs8/L5s9PgMRRe7fkD5fs/MPku2ubmX/AE5by5X6w5+IOr1IJ7/arnMz9RN83PybUPJ9meX7SK602LTr8A3MUapHLtSRAKDfv88mDtRaT5IiOxk0acruICencZH6S2cwlf5iwR3HknzCyqHSTSNQr81tpD0zJgdwXHnyfmHozm502AuAIQirT9p2Ciu/gMycmsMYAR5lnLEBInzTQNT7qADoKZqiULlO1T1OBVTkFGBVMyEnbvilWB29hiwtUp8Ne+FHE//R830AIy10Qac7YW0NcqDbFtC5ZDWpwM2pGNMkGiRU6+PTDTjyK8HFiN1aPrkGaNgYA5CSU1gcUGY5QVcttlTWULPvXJAMVbQG1lPMWjt5cl9DzEL62/RM+wEd2ZVEbGu3EE/FX9muSMRIUeqiJkQBzP3v0KsfzQ8t6leXuiX87Nd6OsQvLxYSLeSRz6ZaIglhycMQh+yucl2npcee8cx4kInbb1R4ttqqX+9p7afZ+owxjMEES+e3OwiL/wA7eWtKsL3U7OWGaezUmOOd/RDuRUKrPXqPAZqJHD2fq8cM+LJLj+ngByekf0yfTw7enuXFo8uSYidh1eAar/zlLJ9fkj1jSYYZYQ0ayW7sXSN91FQ1CTt2z0HS5MMvXCNfNzNXpY6f0xJ80B5f8gXX5qXl/r3n25vdM02Wkmm6FARFcyBloLidmB4U24xU5N1biMtnqRkuMS6PLkIkCs85S6u0/wCiNKLlbVVjZlHxyMi0Fad6Dpm5hOoA+Tz0o3Ihg1/c3Bu9F0Vp6me7SO5YEeo62iVmdTStS/LkdvhXPRdNAwwwh12/4ovM5CJTnLp+Amn/ADjdo8PmP8x9X8wwithBI4hDEFitaKx4gDcLXYZx3aGUTzTI5XXyeh08DHHEHufb6KyxALQ0G4/jmlJ3c8cnjn576kkelabo/qCL63ObieNVDSSCKiwog6EtI24PhnV+z+G8ksh/hHCPfLn9joe1cnpjDvN/J8efmp+cNvobS+WvJZiOtsxXVNQiAeK3cAr6cbEUaQVoXGy/ZTxzZ9odq+D6Me8/9x/x77nH0XZ/i+uf0dP6X7PveJafaGIeq4LSyHkXapJJ3JOc5ix1ueZd5lnewTS1tG1KVra3hMzJ+8l4gnio6klQcyhES51Q7zTjGXCo3fl3X5J3g0vRdRupkQytDFaTSkRL1eiqSVHc5qtVqMOMXxCveKcvFKyAas8khuplubaL936U6yNFOh2ZSv7JB3G43ByMpjJAEdW/hMJG31P/AM41AD8ugEXk36Quy9OvPkB+qmaqexZ5OY9z3/Rp9aubqO2sEla4O6IhpQDqSegA7k5T6r2UAU9Ms70NGun65dRXN1/v2PdYh0Cl6DkfftmRE9JFrPeED5is5RoGt2RUOsmnXvpEHYhrWQEfTlsdjTCe8bflppqiHT7SBaUSJKkdCxFSfvOVSb5HiJKOAqRkGkq9ABvkWKkXJY+GAlkGk3NcLEo1B8GLWSvqKUwq/wD/0vOfpk/LLXSgKbKcWylhUjC2ANLSuBkXM3jkg481gNTljjHmu5b4FBV42+/KyzRMVajK5JTWAmgr1zHKEYo5DfKywKjKlBhDFDRmWCaO4hYpPEyyRONiroagj5EZNIsbjm9K8peera2HmA6i8puNTtYhGePMiWKXm5BJ2pWtfDMTwhHi/pPc6TtiObhgfqjv5ef9ibWv5jeXdXeGz8w2okhhIaJ5KtxkpQ14kbH8cZYo548GTbzdgdVPFLixnn+PsQ3k+fytq/5tRhLGC5W4gkXTbiVAQmoRL6iPGp2rxUoCRmScEY4uCPQPJ6rtCU9QBe3I/wBZ71ompW9nq6y3ctUcMFDHq7D9r5nNdhHDPdOTeLHtf+opq+q3U8ghSCCbUOauEAPEtEpNRQsQBTvnUab18I8x97psvp4i8ElvZbWwtdY1An93pV1f3knIBla5Ro+CAblmeUKtN89QnLgHEegJeWhHiPCOpAfRH/OM/kO78jeRbXXfMMbWeqapGLhrB42EttaOaxG45UKyEUPp0qB9rfPN5S4nqjsX0NHIsgShKM4BWgJJUiuw6k+2UU22+BPz4/NHzo/mbX9T1OwuvLk0SGw0CxvYngmigYmNJkR1HNmXk5YbIz+2dnjzR02mrEQa/i78kuv+b/C6OWA5c15Bz6d0B/D/AMU+XtMsxPL6jgkCpYtU1JPc7/fnPYcfEXc5J0HpH5f+Tb/z/wCadO8l6YiPdajIqB96QIN3lZh0AXM+eWGKFy+A83GxYZ5ZiMef6H2xHqH5Sf8AONWkv5Y0exhu9daJZtV1OaEOCzEKPVkIbiCfsx9e+auWjjqCJ5/8zH+qPIf15NfafaGDs4jHih+Y1B5QsWNuL1fzf6sHnf5nfnB+ZFlqWm6j5Rt4tN1ExNccrSMGf0DQjlG4IaM+BGWw0mlniMfBAo/V/EP6vDwun7L9pc+eUjqcUcXCRwVE/aT6njv5ha/on54QfpPUdFsvLX5pIjPNqdmrW8GptCKf6QhqOZAorCpr3pmBPTR00OLHtH+KP++i92M2DVYuPHzj9Qu1L/nGjzO0EmueSbgCLUpriO7sxNX042b9xODTcbhGNMx8nqNjq4M4igX3Z5Y0KwOkrYafqCG/p/pryCk0zdQeuyfyr2+eQ4egLXYRM/lS6hb4uo/lrvkPDZ2qS3JtbRGnB9OBwH5CvwnbcHqP5h4ZfE7NUub82/zV8t2fkz80PNnljTip0yw1GQ2PD7K29yFuEUeyiTiPZcjMUWcTYY1EwJ+WVIK55KmgOwwMaWVouRVdF0wsUcPsjFrKny+LCtP/0+BxQ88tdXENtZbjbFs4VCa244rSAZOJOLG1GQ0+WTDjzUg9Dk3HLYk3xpUTE1cgQyBRsR/tyBDJMrc1oBlMoqmUYNMpIYFqSMEZGmKEdaHJBIUwzIwZG4spqCO2FIJBsbFaw3Z6AM32iPDEABuyarLOrPLu2bgnubW4hu7OVre7tnWa3njNHSWM8lZT4gjJg04xAe1xfnj5fvtPS58waBdt5kjUCRbCSKOwuZV/3Y3L44gx3dFH+qRglihI25kNXMCiLPf+x59rPn6+13UpruWzjZ7uQO3rMzBSBQcUWigKPs+GZGCEjkiL/iHL3uNOZonyLO/ywt/KGoecg3nC+trKw0hLCPSYL4qkF3foVeKNnYhQRK3NFb+8ZPbPRu1smQYZcI2sCXkOf28nS6QREwSd9yPu+59VN5hsrO/tLa7f17q+LNb2hY1no/D1EB6nkePLt9rpnFUSLDu4yFgMzNxBptg6BDb38cRkkcfEy1qact60rTbKoQM5DucqUxCG3N8uf85AeTta/Nz8vbtLWxeDzD5elXVNMgu0rJLAVYzRwz1NfVXcinHmijNvKI+kOuxTo2XxToUYjjLyLwkjUMF35NXwAzN00COfRc0gTzeoflp541jyWdU1vy4ka61PxsIbqeMSm1inUl3U7fEO1dsqznjzQBqt9i5Gk1B0wnkA4qgSgtd83anrBNlrN5JfgSi4+sS05SSqahpqU5b75cYwNyI9R6vLdm6TDGZ1Ij+8n9RJMvq51f8AO6sq8t/mzrWkz3ureYkXX7427W2ms6LEYFO1CxFSoH2VyyMjGJlKj3U9pgzxAMZQ4vewm912TVdKupLixiimhYzWt0oKvC4bk3z5d81uWN3fKQeWGnOl1sdRiJjGR4cmP+GbNvyi/JTUfO/ny58+PdXei+ULRoBPNp7+jdX15NCsklvE1DxiFAZ5KbVVE+L4l0sY0OHuevyxGMmPPufbGmfl75akVZksjaz0qJYndW37lq1J+ZyE8EO5qjkkyS0gbQoPQudTF1bE8YFnblOvtXuB74Ijh6rI9yUeYGef/R3irZSqY5Z49wocUqwHSnXLDs0835k/mrPeP+aXnL69E8F3Hq1xC8Mn21WHjGn0FVDD/JbK57Fuxj0hi6TUHucrUhUWTx74C1nm2XqKYGKJiPTGkWjeXw4GCG5fF74Uv//U4TaOMtcCIRjUJxbELcAUOFgUmmoGPvi1FATScTkw480M0oyxpaWXffFUZFOBkSFCNhk5EAZWQ2AJ1aEd8gQzATOM1G2VGLEhe2wrlZDXSClIO2ClpS4YENcSeuNsSuCYQUNOtBlkWwKKMFlBY0UBiT4fCcz9IazQ/rBjkHpPuTKKwXVtY0bQI+UratfrPO8g5AwxhAo36Uo33Z2naRrER/ONuBpfqvuD7m0Py3DbaZpTGThNaRrVJFLMaqSnx1qAAacBs37XTOSI3JdkAAifNGoRyyaJYXJal3epFBETKDI0SFlVWjFCy9eLlUPdsy8A4QT5NOU3QefXnmPXI/MmoaVp8kE1zfyJZwKodRFIImM8108wKm2h+3yi7/BmbQMbPRxtyaDAY9C/KGx0ldH1/SrSw8sra+pN5w+rOmt6lfqaGeFIlZV9Tf0UNF4/E+7ZfEThchZl3fwx/HVkcvFUSKiP9M870ryvpkst5Bo0zXGg6o/DT5rkKl1HcRnlElwkY4pIR1WvFv2C2Osxk8GShcDZru/ia9OQco4uRuJ/qySxLu18v+Z7GfzFoyj0pecrKlUcRGilVO3+sDmTkgclEcjyp0ufsXU6PJcZk4wQYX13uUb+5kuq6DpXmzy5rHmyygD+aLq59LT7ON+EHoFgGkaMgUZR2GUajNGPEJbU7D/RFpIHKc54JgjY/o70z8rflJ5a8zTW8dxbXGn2Gnx+vrV9dy8YpFgHOSWRa8VTaiCuawZRkyxERcR9R7/6P46OrwdrZO1u0MWn0YEYD1Zcn1cMRz9223vL2f8A5xT17T/NvkrzadN4tpGneaL230kceJFjLDC8TEf5RBYfPMHOQMh4eW9PoOoAlMkPoJLZTF6Mit6SihcbDbKCWkRQL6Rpwf1Y1jDDerVJp9ONMT72K32otZak80UgS3Q/v5H+wIwKszDwAqcl1aCdn5eefPMzecvPfmfzbSi61qdzdxgbj0i/CMj5oqnKJHdzscagAe5JVOVoKulaVwEtRXqanBbGkUh3A7YWBCL57YoQ3IVr3rhXan//1fO1pd0I3zIp18EwF2K9cabSVs04KnGmolKLiQBjjTApTdTbnJgOPNBGXfJ01U71qb4UUrxT74EgJraz7gZWQ5EQndrNuB2yJDYAnUEmw98hSJRVZD8NMiYtZihXXeuVmLGlPIEMCF1QchTWVwIGEBiskIy2IbAg36ttWkcpC+JEbED6Tmx0UbzwHmuXaBZ3+TGmLrX56+X9MdSUs7SS5vJFFW4wWwBqp2ADvTOi7UmQRHrt9zjaWI4SX3edPPpp6UhKRigK9COgBB8M0N05dW8p1b80dC8u/mLqnla91SS91+y09BJoUfGGJYjS4aRXkoHl4uOcYb7PyzNxwqAJ2B6uLMkEkbsf1fXrPzLq2oWmlenHYQWSrrN0lVZrRNzZwFx8CchWVh/ev/kDNjDFQB+X63GlO7CVaJcR6xI5itJDosVv9Vh06cApJFPR2aXrQHomXy9O3VhHdi+vfl/e+VL1vMPk9pLnRGBF/pzAvJAvUo4XeSKnRx8SZdjyCW0v7WOSG2zIvLOo6L59s18q3ekxaj661hPqCK+t5AQvMyEENGBsZCNv2x3yuZlp/VE+nrGna6LXTn+5yDiifsZjN+Xi/ltpbz3PlC+83xWoeb0tCkilLKN942aJyQP5Q1ewzXZ9dhz1IxAl/SHF/wAdTk9keysmTxskJzn/ADTL0/6Xb73zN+aH5yedvzWsp/KXkjyjeaN5P9T0rvS9Ktbm7u53iI/d3ckUXw0PWL/gsGTJwxonn1/HIObhjDFj8LT4hij14QIyk+rv+cQ/y21D8u/yoQa/bT6d5i8zXU2qahp97EYZ7bgRBbRlDuP3cfM8t/j6Zos0xIt1V6fL7XvFx+9AjdSW7gNTfIx2YSNsc1HUdGtC8clwzXCV/dgct/DkOmW24xro8D/P/wA8SeRvyu1zUaxjXfMJ/Qmhx15enJeIwnlUd/Sg5k/5TLgJoWiEeKQj8/c/PiJFRVjQURAFUew2GYzsZIuNemBokUWE+GmVlqa40NcigqiHcZYGKsXopySFD1Piwpf/1vLsE5BzLp1kSjVuGJoMabrVjKxXfFil9y9Di1lJ7mXcnJhokENzwsabDYWKtG9DkShH281CN8DfFP7GSpU5FyAGQQHYZCmRCKIJFTjTWYqT9KZEhrMUM5pvkaaSpiahyPC0SK1pvfBwKCpvOxGTAbQusJAl39ZlUNDao87htlPEUA+8jNt2VG9TE9I3I/AMNTtiI79nrv8AzhmG1j82vOOsyBnWw0KOOKdzyKtcXa0B/wBZQfuyzW5ePMT0/tZ44cOIe8vtaZ2toiRSnUlev45iK/PL86dZl0D/AJyN82a9bR/WLmw1YSNHIxYPH9WjSSOnYFGYL70zdRhGeKMT/NDjSvf4/eztdUu01CLzP5dC3S3cCm4tWr6N1aEUBcL9nbYuo+CQNzFPizJwmhR6dP5vucA7lnPknzpLpsNxd6dpck/l+eYm5TgfWtpKAGJievalKhvpy/JGOTruxhKcOmzLdS1CVrE6n5Xtprua6qLS1WN0cTD7Stt+z/LmPw0ak3kk7xSjyJ+WusRam3mzUpXtPMUrzN6ESLCkYlIVjWMEKSARxxzZhw10ZQgbvq9L1631+3hj1K3umit7ZqTWVWcKgO0isdyQftDOb1OHfij8XquztYB+7n1+k/71ONC/Ma30ex4XJjuELGSSKMiKcuxq7fCPjJ6/F8RP7WYBkK83YZcJlL0szTXYLyNblZBcWsyrLEy7q0biqlT8ssoOklM3v8kPd6zE0axwsxdzT1KjgoA6MeuTgGqU7DDdRsLm5XjauGDt8bR71JOXENNvhD/nKDzVb65+YzeW9MmE+keUIjp3qqxZZNRmIkvG60+BuMQI/kbKZ9zkacbGXf8Ac8WTrlbkSKMhGBx5IvtkCGFrDkGK0NQ++SCG3f4csChDep8XvhZU/wD/1/KcTGvtma6uKPgNeuBuCLqOORSl113whqkklwdzkg0ndRGFC4YWJCopNcDGkXC24wN0WR6e2w8ciXIDJLQAgeHhgZpiF+GuSYlDyoBUjBTWUvuCKbdchTRMJc9xQ4KcchwnDECuCmFKwNRi3RQ+sXZstEaKNQZdRkIZq0YRQGgAHuzE50GgAx4JT6zPD/mx/wCPNOX1ZAOkd/m+jP8AnAXRbxj+Y3maSEjT55dO0y3uaGjywiWaRAf8kOlf9YZrMsvUfe55ieEdz7GuLNWoCTxBrUb9MiJNMo0/Nf8A5yEQp+ennuBQHf8ASQkUh6kk28JoU7daVzocG+OO3QOFkFE/jqk/5eed10TUU0nzFM9n5buJavdIHefTpWO88fp1coT/AHiL/rqv2qsuIm+R+9pljB5F9y/l/wCSNO0y1t9QXVIdUgljF3bTW4SOEK7eorQcSwKMAG6H4v7vhXjmLly89qWHD3vQvLmr+Ub1Gk0yRZhUgsEKlpK1Y7jqfHrmo8c5RcS9Nm7Ky6YXON+7oi5bq2UlynpISSBxIoD3O3XMkQm6KcwDypKtSeK7VoAw+pOp9SUbDj3p74zNR35uZosUsmQED0h4br+kjT757ixlYIzFowxqQK7UzRZIgGw9eJk7Fl/5Reb2vbLU/J2oSAX+huLixYbF9MuWJX/kVLyQ+zLksE7Bien3Om7Sw8MhkHKXP+uP+KDNb6S2WN1juA0jAs0C04hT9o+O+ZMRRdSTbCfP/mhPyy8h6v53F1S5s4RFpdqTtPqFx8FtHTv8Xxk/yocuuhbXLfbqX5uXLzSySTXEhmuZnaWeZvtPLKxd2PuzEnMZz4bKcYxZSR0W2FxiVYnIkMaWE5AhVtcaQskbbJhICFqedMkzf//Q8ow75mOsimUGBuCIY0GBKWXT9cLTJJpjUnJBoJWgYoK7jixtcBTFCJhPxAYGcWR6eK8cDlA7Ms0+Pko7YaZ2m4iHD3wsCUBdjiKjFjaQXUhBNMgWmSVyli22Bx5Low43pgYWjoTXbv3GBsDHvN0/pPCoFOMVe+5LHNvhnWAe8qI3O33V/wA4V2lxZ/kDbXkEsh/SWtapdlAQOIV0gAH/ACLrmumbO7mTsAV+Ng98Gq3AJFfsGnCRQ2/0UyNNPGX5qf8AORsMs357eep+SKXv0dXDU2NtFxPTbbN9hheONdwceWSyb72G2t6mn24lSFbmVh8VwdyadQSelPbNrGfhi6vzcKQ4vJn/AOV35gsNW0/y5r17Jp3la+d4w6swWG4kB9L0239JXcgE/YHWmV5e0JQxmcYAy/Q67UdgYddliJzMD/Oj/F/WidnqfmC8/MzyFekaA00ukR/FLcRUlo9TUsoqQPozS5NPg10uPFIYch+qB/u5y/nR7r/Aep0ufWdl4/Czj8zij/d5B6ckMf8AMlz+nz5DlKlay/5yC/MHTo0k1KGR4z8bzGpQp7gjbNVqNHq9NfEAQOsZCX/HneaTtTQ6qhDiiT/OjKP+y+k/Nl9h/wA5DafrFv6d5OtvGR8YZevsKDvmD+avm7E4gOTBfMn5p2csjywPVBsrHwyiWS2Ow5pH+Wfn2+h/NPSdYccNGuhJpN9I2w9K8oFI8SsgQ5HHKpguJrJCeIjrzHwfUV5G8M4BT1FZih4irAnanj18M2J2ecG4fK3/ADk1+Y1t5ovNI8i6RMZrDyu0z6vOp/dTao49MIv83oR1Ut/vxmp0yWSXRcQJ9XyfONwNzkHMipxjpkgs0bFhcYr2rgY0pk5GmdNcsFIpa52wpCH/AGsLOtn/0fJ1u2ZjrQmsB+HAW0Kkh+HApSm7brhDVJKpGqck0lynFiqVpixcG3piikRB9oeGLIMl01uXH54HJDMrGiquFkmlapXvhYpddkMrLgQWP3IBr45AtMigQoL0OQJceSMSIFemRaiVyxEbjCGcSl+q+XrvzGqwWRAv7aKWRFc8UkiQeo6s37JHVW+jNloxLJLwo9bpsnOMBxHkr+RPzY/Oj8vrY+XvKfmS60vQ7MvKliTDJaRvLIWdow6OrFmqStab5Vnx8EqOxckETjYPyL2zQv8AnLD81tMsfr/mSx0nzF6Ct9Y5xfoqdkG6uGgb4+QPaHj4NlLE475H5vMfzZ886Z+ZHmiTzba6RJo4nhht9TszMs8LXMHOP1lcIlS6IKinLbN9oMoli4D/AA/7kuFmxygbPV5ydP1K7kS10uKSU3RpFZRAzXDDwWOPkx+7LMtxiZWIx/pEBljAlKquXkmWp+UfMmm2irf6NqNnJQECWB0fbevFqMKfLMcanBOHomJe42nw5xn6hRZr5W/OfzRokK2WtXD6jDHTlM5/f0I6ODSp9+vjmvzdmkC8Z/zT+gu4w9qb1kF/0hzR2qfnJpurhlltoWBFFWSoanvtmqlp89/S7ca3DW0mH3fmrReL3KhF8IoCSa+wpvlP5XKTvFqlrMffaG0fzXoM14/+I4LhLFxW2mg/ehKf78i2LfNTt4ZmHs6XDYlu6460k8tmVyeafIsHCeHzFEixcXjSOCeS4BUgjjEFXcEd2GYH5LJdM/zMa5Fmnmf/AJyg80eZ+Wn+R7VvLmlIlLnV5GWXVbhuAFU6pbqzGvw8pP8ALGbo4OCBlLm6mrNX8B+kvF7ha1JqWJLMzEkksakknqSdyc19OcAkN2tGOSZAKEeKyCOj2GFoIWu1MVCiz4E0s54FaaTriypR5/HTJJf/0vJMLUOZjrYpvAw4jItoXyttgUpPet1yQajaVs2+Say2HxYr+eLGnBxXFBCMhcbUwMgyLS2Hw+OLeGYWDgKA2LJN0kUrTCxSy/lArTFiUgmepO+Vlqkh1oXqMgXHKOjYAYGlUEoxZxG6lLNQHgxUsCpKkg8WFCNuxHXLISlE2DRcgRB2I2SxRErxQrxjiMirQDiqhiBXalPnkgd3L6PQrLS4bS01m0/v2eIzLcTO0cEsMXNGRSJII3CFacjJJXbrmxjjqw4onuPx+Pkj9J/LpPNkV5YyunqX0xS0FqYS8c7yTenIp9Vh8JYEgv8AENuL5djAgDM7UmQM5CI3JIe7aTb/AJc/84taHasLB9R843VsW13zBDCkki8FDSGrkcIyx4oF3Y5TofZ3J2kJZ9aRwxuQjv4WOP8Avp95+T0+bJpezMUTl3MzwxhCvEn58xwweVfnl5/1XzlceX9Q8rWCw6xdxvey3Eif6e8Uaj0yu9OIHVSM6eXs/gjiEcAhK/4Y+k8Nb1y39+7y0vbvR54yhHEcYxy4ZSnwyHF/NEo/bbyrVtZ0nz7pz22v6fDo3npY2k0/V7SL6vFdyKd4biNTxYP0DqB6bZyGq0mo0M4zgSccvrxz7v8AVMZ/o/xB3Mc+l12MzgBGcefD+OryWRpVYLIOJQkOvcMNiNvDMzidTTSswUUANdgTjeyVMq6A/FQON0r39sroge9UOnFpiGOwoD8sriN2Z5Mt8syoBPb1BchXFOyrtvh1NeHV9WEfqCZ3ZAG2aty4hIbo1OLYoRYoIRiEUxayFGZqEjCxpBvJvgZVSkZd8NIWmXbDSLU+Zr13yVK//9PyFG/xDMt10Qm8D/DkbbFzvtihKb1t8kGspY7fFhYFwbCh3PFFOVzUYqjYG3GLKmR6a1CMDYGWWctVHjiyTRZBw98WNJbeyVBxQWPXU7LWmRLVIJet+6Sb4CHFkEdHf8hkKYUqrd1PXDTOIc84IpXC5EUFcNyRlBoSCKjC5Ier6XNBqur6brF8qLDqloIFtAyhStxb+kru4JZQZI1b97cR9W+HNvA8VHvDgn0j3H8fjd6VLqkOhaTpsflyQtc2LI73oZxErBOHJXeYByWavNWZP8rL8kYGHDLkSA1RnIT4omiOv7P+Ovm3zBq2uzaq2ny3lxeR3M3OWKeR7ktIyqwYktJ3J25ccu12qzwjHCJHh29P4/sadZp4Z9RPNL6uQmefD3WzmGbzJpRe8gMt/dSxyQrbXQaZLbggIaP0lPCq/sF/uzGxZ8kRcTYP46POZ/Z7SajHHgPCLsyh/lPj+ndhOpN5nmtpINVtrdPSZWgnLQxvHwKuODByRyqCw75s5a+eXSzxZBY6H+KH9U/0urvezdHj0mpHBI1LnvfF/wBI9GG65p15Lr15EkBDeoGclljQFqA0Jp+1nLYMo4AN9nf5YVIoCO3meb0ljRm5BADIg3JI7nxGX/mo9AWvwzXNWOnXslo1yibcI2Tg0cv97E0wBCtXov0d8rlnmeQpkIRvcplrulT2mjrI2nCKFTFK93DD6LiKQChkHJ6ippWuY4EgbJNJ9yaabbwWlpFHEgXkoZmA+JuW4qe+2WZQBKh0a4EkWWrphTKXICSXJ3wMwoxtvgSQiBIAMWJCGnk98UUgJJNzvkwwJU+VcLFrlih1ffFbf//U8eR1rmW69NYOXAZBmqvWmBSld3WuTDUlr9ckwK3fFHVxrhVoVxUI63rUYswyLTa7ZFkGVWX2VxZJuvHhhYpZd038MUFIbzjvXIFqklbcOW/XAXHK5f8AJrga1y867YejMc2z62FyYrH9Sm+LfFnC/WP8K6Dz/wB7PQ/3HcOPrer9aPoU+s/Bx/4w9uu+bCF8Efx+xxtuKXd+P85l2gfX/wBJ+avr/L6rxtfUpXjXn+89b1f3/q8Pscvgp9jtlWp4vDlz5x4f61/jk0xr09/6Ph/0kxnSf0h+mLD696f1f6xH9V+scPrP1Sjely5/Hxrx4d6+2dZH8z+UHiVXS/7zw6/3PF9Pm6H2p4eGV8X0Hhrv/wCke/p5vXNbr9R1D1Pq/wClPUk+oenx+t+jRPU4/XvgrT/ha8c5Q8XiR4b4N77uL8dzpuyuPiw8F/l6/ef169P1evn/ADUFo/8Ayrf67a/4k5/WKj9E8efpf3PwfWfS+Dl0py+jOpH5f8v6eHj3+rnf8PLb/TPR+ynH42b83fHvwcf93/meTxheH+KtT/SfpfWP3/H6t6fr/WfrS8P96fi49On7NaZx+Ph4RXd+l3x4q3v8D+iub6v9fk4fWPV+sfFx+o09T1mrWv00rkjVo6dftY1Hz/Rj14+n6VnX619Ur/vI9Ps/H4/8bb5Acmw8+vVkuif8chfrn6O9L6vN9Yr6XP0vq37VN+NOP+zywVW7XO+I1f2MXsOf1K26/wBzH16/YGY8+ZZBbc8u+QcgWk9xWpxSEOnKu2BmvPPtihDSc++FgUI1a5NqK3fCh2+BBa3wK//Z', NULL, 'MALE', 22, NULL, 'USER', 962, NULL, NULL, '7945d7db6e394e5cb7996c913800598c', '2026-04-06 00:48:01', '2026-02-06 00:01:14', '2026-04-06 01:50:44');
INSERT INTO `user` VALUES (8, 'wangwu', 'e10adc3949ba59abbe56e057f20f883e', '无', 'data:image/jpeg;base64,/9j/4AAQSkZJRgABAQAAAQABAAD/4gHYSUNDX1BST0ZJTEUAAQEAAAHIAAAAAAQwAABtbnRyUkdCIFhZWiAH4AABAAEAAAAAAABhY3NwAAAAAAAAAAAAAAAAAAAAAAAAAAAAAAAAAAAAAQAA9tYAAQAAAADTLQAAAAAAAAAAAAAAAAAAAAAAAAAAAAAAAAAAAAAAAAAAAAAAAAAAAAAAAAAAAAAAAAAAAAlkZXNjAAAA8AAAACRyWFlaAAABFAAAABRnWFlaAAABKAAAABRiWFlaAAABPAAAABR3dHB0AAABUAAAABRyVFJDAAABZAAAAChnVFJDAAABZAAAAChiVFJDAAABZAAAAChjcHJ0AAABjAAAADxtbHVjAAAAAAAAAAEAAAAMZW5VUwAAAAgAAAAcAHMAUgBHAEJYWVogAAAAAAAAb6IAADj1AAADkFhZWiAAAAAAAABimQAAt4UAABjaWFlaIAAAAAAAACSgAAAPhAAAts9YWVogAAAAAAAA9tYAAQAAAADTLXBhcmEAAAAAAAQAAAACZmYAAPKnAAANWQAAE9AAAApbAAAAAAAAAABtbHVjAAAAAAAAAAEAAAAMZW5VUwAAACAAAAAcAEcAbwBvAGcAbABlACAASQBuAGMALgAgADIAMAAxADb/2wBDAAYEBQYFBAYGBQYHBwYIChAKCgkJChQODwwQFxQYGBcUFhYaHSUfGhsjHBYWICwgIyYnKSopGR8tMC0oMCUoKSj/2wBDAQcHBwoIChMKChMoGhYaKCgoKCgoKCgoKCgoKCgoKCgoKCgoKCgoKCgoKCgoKCgoKCgoKCgoKCgoKCgoKCgoKCj/wAARCADIAMgDASIAAhEBAxEB/8QAHAAAAgIDAQEAAAAAAAAAAAAABAUDBgACBwEI/8QAPxAAAgEDAwIEBAIGCQMFAAAAAQIDAAQRBRIhBjETQVFhByJxgRQyCBUjQpHBM1JicqGx0eHwFiSCorLC0vH/xAAZAQACAwEAAAAAAAAAAAAAAAACAwABBAX/xAAuEQACAgICAQMCBAYDAAAAAAAAAQIRAyESMQQTQVFhkSIycYEFobHB0fAUQuH/2gAMAwEAAhEDEQA/AKCsKhqx8p2FeJMMkEc16o3t51OCObTN4S7DOajuSwGKKVGjGRyKhkfccYoJa6LQLEHBzmm1rMgUbu9RQxDHIry5QKMr3qmipbDnuUK4xzQcrk52ihVk5AqfnHAqpOKKoFdufetoN24YraRD6c1vaod/zDio3q0C0FpE7DPNY+4cDvRkWAMZ4rCi7vWgxq+wJaAhatKMkZrdNPVlPy800iXYoJ7VMGiOR51qg0hTbEDxGHipIJSVxTZoEkHABNewacOeKqb1oJT+QJHBHf7VnjDGMc0Tc2BQZUcilrxuGJAway96YyNSJJWDDvS+QNuzRYhlfORg1DMjqDkVXp/BfR5G+eDUM6c8jitYZMSYbjFEyEMhpSXpz2TiR20K7M471K8otl3Kce1RwzCOPaaW6pcZTAPc10001ordk91qYlUgjmspRGctzWVOVDEi03tkEJKrWWlsCPmpjfuMnNCR3Cjt3rOpNxsDl7E5tPk4HFCTWhGSBTSCcFfavLgqV4rI5y5C/UaYrtUZm2sOPWi5YFwMjNbJtQ5raSeIDmnqbL5NsWyWw35AxUsMLHg9qnjIkYmphhDmgk03sKyJLLcea1a1aOjVmAFQzXIPBNEr9gbsCfctN7HQtauLYXEOlXrwMMrJ4RAYexPf7U96EttK3Tanq725SE7LaCd9qyy4z83qBxx7+1W3VeozrVje2F1MFu94hhMTbg/bLDOMLn05IpsprGkpK7+Pj5KhzytrGujld0J7aV4LmKWGZOGjlUqy/UHkUAZyGzmrj1Fb3kenG0v5Y7qKBtsE4YM0XoM99p/qnjg8ZqkzqMH1qlKL3F6ZdPk4yVNBsN+ARmm9pqcZGDVOcsBwas3T3TV1eRx3N7KbW1cbk4y8g9QPT3p0IubqKKlFIZy3UTDyqaHTYX0q51a7uYbSwgbZvk5Mjd9qjzOCDQV5+qNPdkbkgcGWUls+XABH8T9qSav1PE9p+EFvHJCvJgCgoxPfg5Hl35rVDw6dzKhXwNtPns9Qthc2Tb4WJUZGDwccipLm2jZTwKrum6nbQQC3t7WKzzzticldx588n2/hxRH62Y8elJyr05UwnFvogvrEiTKDmovCkVeRmj47oSn5jyakZVAzxis2TGpoJNrRXrvgZ5BpTcSF2Azmn1+A4IFJvDPh7PDXO4tv/exjt9KvG3FUxi2RxLzmsouKLGM1lEpksfanKyk0pimcv7Zqa7mLsSTUcCc5NLUqVC46Qzt5yqjNTCYynAoMcjAFFWqYI4oEBIn2nHJqJ48njJpjBFuIBFGfg1I/LQeoovZIiFVdTxW7FiKbvaAcYqBrcKDxQPLGTJNiiUMRwTQjrIfM03kiwTmoSqiijP4KUqNtGgSRXa4YhVypIGdhPYkenfNWK000XlujabdC6ZImmlBXAjUeRxnng/XyquWOoHTbxZ4Vjkxw0cgyrj0Pn9xyKtPTnVXTelXsl4bLUo5ZlAeJCsgHPIViy8du65+tMkpyVwe/r0MxT43yjaf3Pbfp2a+0x7pLuKK2jh8adcENGMEgemcYP3FUuVC2T61a+rOubjqM/gNNtmtNPJz4e7dJMfVzwMeeBx6k0Bpf4Ww8Se4uIGvE4ijD8KfNs9ifT07+lPx4J5Kiv3Yt3bZmmaRBppS71lBJLwY7Q8/Qv/8AX+PpW2rdRT3Kt+22Iw5VeMj0JpZfrq12jXUGmX1xbnJE0ULOhHn8wBB86qVxqDudwbKnn82c/wDP9K62OMMK4xCWOUtsYX8wdiS2c9weaTygO218bV815NDy3hYnBAHbjt/z/nlUb3RELkgdu+MVUppjlCjWG+8O6TD7lEgxk54z/rVrnG0Er3FUp4A7p4YCtwCPf/8Aau7jnaPpWDyX0E6B1nYedFxzO+AGJFBTQNnOKN0wYxuFJf5dBOKqw+K0DRZYcmoJrHjKinNuA6gcVvIi7cDzpXK+xDZWng2Dkc1lOZrYFMmsq4hITtaNuORUsNuc8jirLLY7ByBQnhqr4IpEsi6QFWCRwgDtUyDYfKim8NRjzqEpvPFGraLcNBll8zD0pwiqFFJ7aJkOfKmG/C1gzQlyAujS6IBOO1LbmYc81PduaT3TMc4o8cV7ibtmlzPnzoOSU4zXjhia88IsK2wSGJICmlbJqFSzHijZYQPKo4osHNPoaQ392dN0q4njz4jFYwR3AOc4/gKW6PBe/rKzvNUsZJ7HLSvAsgDyqv7pPkCcAn0zTq+RGsJt6bwAGA9CDwaY6hvt5rYxghFtEROOD8wZv4k05ZeKSNPj4ucJP3GWq9dXc8aW2qaXq1lHBJizmtj4bxsF2iNcAKVDenkAMZya59rdzHcXrvKskbzZfeU2l+SNxHY55yR55rrvTet2X6kuUutNubqVgriIygqrq275WIyvzc+1ULq/SLvqS7OqEhZzHtEaDCoqnhR9ufckmiWdRVBrxaa4QpV9Pp+tv6/19qTKroN351/rDnH1FQySbmUKRgc4PahvxM9pO8UoZWU4+9TS3S3BG4qjHu2PzH39qapJrQDi09kttITJknnvmroLhTJnPfmqLyhBYceTDtVya0zBBICRmNT/AIClZUmgJUN0CyR9q0iG2XA4qOzkZE2k1IxO7IIpVKha0PLbHh8VjOEzk0FBchUAPety3inOaU1YuWjZ7lSCCcVlQyQZ7GsqLHRamWW8nBBxSC6uMSd6LBd1zSvUYXAJrJiUbpjkrZv+LBYDIptY4kAOKp8O4zjPrVs0osEHFa5pRWg8ipDtYwF5FQyjAr3xOOTUE0oxWOezDMHkBdgqgsxOAB3Jq8ab0xoWmxxxayEu9TmjaRVlLCFMDJUbSMnyyfM8CqDJOFcHOOe48qOms48xxK0kc8gUopT5W9wfP1+9TDBSbTQv1I4rnNaRH1BYWywhxpsul3u4Ewgs8MiEA7lLZKnkHGSD7UhZNi1crnp6+h6buNW1S6eCNWAEU6tukc8KFJPPBz7VTJZeDW+GOnTQ2Wn9Oxfcy7c5qBJgaD1K4/akDsKCa7K+dMaHxVosMbhhjyq1tCl7pljJ4sTMyGNYx+dCMDHuDgEH3rnUF72ya6t8ItJsuoZbo3qL4tlLBNFJgZUHeGGfQ0qavRo8ZuGSvkQadHLHJIst8lpHHxtchd9OtIntpmmt4mWY88oQwH3FWvqnpXS9SvlintY3RmzG5QFcj0PrUtppkWk2v4aGJVQA8ACl1R1uzhPVvTBMWoXAXDCRWUeoKrn/ABzVa/6eKWM88pZWVRszxyT/ALV23q2xLQyFV4I7UnhTSZPBh1CZLfxUyDIPkODnBPkanNgvHF9nH7qwvNPt1ugDNYO3h+KB8u7+qw8j/wAFXeC/iutLt5kwoZB8voRwR/hQfXmqWEt2ugaJxpxkE00irgO6g4Cj09znPHpyke4CRrFECqKMAelOTcoqzBnxR5VEcLqASbBHFNLe4EqcDFVKFHdsse9N7ZzGuAcYqdaESgOy4GMUTBLheTSFbo7uTRP4sbRk1nyWnoVKFD/xFAxnyrKrU2pBT+asrRHa2L9Mv9iEZBmhtWjUqdoFLrLUNoAzRLTiXuc1y4YpRyWzShVbWn7fPvVltItiCg7aNd+aPaQInFbMk70Iy5PY0uJdtLLi6AzzXl/c8nBpRK7MeazcWzMthyy+Iw9Kf6X1NqOkCP8ACSxkRf0azRLJ4ee+0kZH0HFVe3OKmllAXmnYlxegk3F2uw7qTqPU9duVm1a7edl4RcBUQf2VGAKQXExKnFeSuXfJqKUfL9a0KdBpW7YnugWkJoCbOacyRZoOWEZpidjogNsrNIDXUPhLqkdjrE1ndMVt7+MRMc4+ZTkc+4LD7iqBaw4I4p7pdnNPKogUl1+bIO3bjzz5UXFy/Cuw1k9NqXwdQi1XRrPUZIIdbmmKuWjgmk4TnHy5GT6UbLrPiElzVT0+Q6pE8F4Ar2yBtwKyIw784OAec+nPtRtvYXVxbSy2sZuIYiVZkIIUjGR9Rkce9InjnH8yo7EM0MiTiwjWL5ZYWz5iqZfwLd/Kq5VT39KnkN5qF2YvDeKFTgjHzN/pVntdEIt0BTaAOFFKWw5JLs4t1TbGz6h8RU4iYDHsFB/maBkxv3qcoeQa6/1z0bLqFhBq1s1vAyHwJvxMqwrJj8rKzEAkY2kfT0Nca8LwRNG2dyPwO3BrUk+KZgltte6GMMwAFTG5XjkUmErLxgj617GSTmqUNiWqGpnJOQahku25wag3YX3qIgmipCpMyW4ck85rK0KE1lQrRd1ZlfvTO1lJ7mkYnDzEDsKa2/EeRS5VZIjVLrZjmvZbzI70juZyrHmh/wAWx86F472DPDextLIGOc1EFDc0As+5hzRsTfLSnChbx0SAbRUUhLVL5VpiogFEhKZqN0zRgTIrV0okrCFsi96GePJpjJHUIiLsFFOQSZHawFiCBwKMvhLBp7MmUQuqySYB2IOWIz54G0e7j1o+ysydiIuWYgAeppD1I8lzrR0+xk3GAIqPn5RI7BQ3Gc8nIxz8orf4eO5c30gJS5PijoPQelw9TXAs9PgeysEI/Wl/GM7GOMwRE+fYE+SjJ5xXeZenbSHSRYaGLdLVRiNYzwB7nJJJJY5PJLEnk0j6J6YubHQ7HSdM082ljCqh7m4Tw/Ebgs+z87MSP3go9z2rzqvTP1XqAiiBS08NFMpOWPqT9TxjtjAA8qZ5GT15cW/8GrDF4VaQJH0Ytlumu5rWBRyXkkAApd1LrnT3S9sMynU79v6G2jBRGPqzf1R5ke3rVa6w6hs9CsHuZwtxcyHbDCTkSvjkf3RwSfX1Nc6tRdXkrXmoMXu5TgkdkXyUegFH4f8ADo5JXLonk+bOMe9heq3l/r19+L1efxH58NQCEiU/uRr5L/w0o1nRLW/hP4Z1S8UYyQQGx5EfzpjqEhiUK5KA92PkKQ6pqEltZs1tGwjOQ84yAuPcA/5e3eu3mxYljcJLRy8c5uSlF7POjeloby5B1uC5SFsrGiyiJnbkYUEEtyDnt7E84H1Wy0xUZLS2v7C8RjiO4cSRyrzyDgFW47HcD6imulQ6rI4a41KRQ6eM7SMzOO4VVGMDgjt9PWotZfUL64e1lEarbssK+IwDscA8eRHPf1z71zs38OxR8flTtbv9r6ujQvPyS8j0fw8fj3+O/cqgGa22VJLtDsV7EnGKi34NcI1NG2wd6yvC/GayoQMtZyH71Y7ScGLn0qoW5Ien1lISoFRxDhsMufy5pe7Y7GjpjlMUvfvUGT0gi2OSDTaBuKTQttxRkM2D3oZRsT2NSRitGbFQrLmo5ZCKXVAuNFj6Ze3gXUtSuraK7WxgDxwTAmN5HdUXcPNRknHngVnUMkN5DY6pb2kNmt0rxywwDagljIBKr+6CrIceuaS6PqSWdxKl0jy2NzH4NzGhAYrkEMueNysAw9xg8E006ojj0/TdDsbac3MJge98fw/D3mV8D5ckjCxqD75o01QDVidyDmpbSIFgTQcZ3OBTFTsGRVpC3o31R7tNKujp0QkmSNnYltuyMD5m9yBVh+CulwW/UvTzXCrJfXTm9lLc7UVCU+ndf4mqxJEdUktNMDhYLmfN6c4xAgDYz6MeD9BXQvg7Zi566vb5MlIiyKSuMbmJ/wAgBXZwrh4zl86+/wD4BHc0v3/39z6WZgoyaqPxH1/QtA6emv8AqJgIowwhCnEruRjbH57j29Md+KsztmMemK+Sf0lNSGtdTQGBna309mtBzxu7sR/5Aj7Cuf42B5G38HSzZeNL5KR+sLrqnqP8ddnwowf2UYI2wxjsBgY++Bk8091fWE0yzaVDulIKxg+XvVc0v/tdNZmdI5JflGf6oP8AOkuoG41XUEtYTl2O32A9TXfjk9DFUVtnLlD1Z76RJp9zPfX3iTSvIXbzbsByft3qe9uU8ZGEOYBIpIxt8TAyFGeMZ7nzreFY7GGRoS7QjdDDk4MjZ+Z+P3RgAfU096Q6SvepLpEYFrUyiWe4OcYBB2j1PGKzyk8cPxPY1JSlroq03UF8LySB4BHGD88bMSR65P8AtTnUdZOqRpPCsCLt8M+FIzkcc8H8ufYDNF/G/Qm0TXEughVdQycDsNoUfzqnaBtNnLhhvD5ZfPGOD/nXNyeRknDjKTr+X2NmlG0l9lf37C5jjtUABJ5ogpk1usdZBYKQQKyiWjrKGi6JoIwDR1s201ABisVsZoi4B7yk8ChJG54rUSE1GzZPNQLIwgNxUsLEkUIpomDAIqmKQyiJxWSnishI21rNyKQ3bKkyz9D9FXfWK3I0+/sYJ4SAIJy258jOflBwPc10eX4P6hf2Oj217rFlbz2MLQylI2lDIZGZQpyvI3Efeqp8BdWg0fqfUprxVW1NkfFnJ5iAdcY8zkkDHt7V3i4vtLSF5mvVKRgykK2G48uf8q53m+VmwNLHFV8tmvx/HjkipNP4KHafBbRYrpoptU1KWREDEqsca/XODxxUtx8IOn5o43tNcvUXPzqRHJkegIAwffmotd+KFnqsVzZaLDcvfyjwlhZMH3yQeBzyT2pTcSav05pzQTzRXF1O5lVbbIRAQOB9Ofrmuvhakkn2X5GCGJbWwDqTozRenbwQ6XPeXlzKgEsszLtiU8kAAAdhnn+z71ZfgPYY0ye/YACeVnU9+PLmuWdV6vcyw3W5ykxjVGw3dnO3b/BSftX0L8O9N/VXSVhblcP4SlgPUiu15aWHDDDH9fuczx1znKYy6x15dC6evL0EeKi7YgfNzwP9foDXzNqFtZ3kaWmpM8SyyKss4HI+YEvn1C7mPoAa6l8X9VhhuYoLy6EFlbxm4lLEY3HgEj2Hb3Yd6+ZupeoG6gvx+FEkGmRZWOMnlyTyze59P96d43HxvHv/ALT/AKf7sHI5Z830iQXxW4VfBQuEGFbODj1/nWWLfq3Sp7nbm6uiUjYnG1RwTn+Pahvw8txGzxK7Igwdqkj6cUDfm4SMQ3InhZVXbG6lMqexwe496TLMoyv39h0YclXsdW+GfSdt1DNG+pq0izR/9vJyF47DHl2runTGijSN9owwmcrkVzr4QTm26K0lwu8+Ge4/tNXYrC6a9tk/GRiBj/RyE4Lfb0965UpuTt9miqOMfpP6Ys2h6NKMI6XbRhvZkJ/+NcG0u0a2aR3YEsNox6d6+kP0lIWfo7TmkHzR6imT6jw5K+egSaKUlxpIrdEwrbIAqMnaK13Zak2UTjkYrK9UdjWVCrCzEccVGYyBmmVuFKVkyDbUHKNIVDgGtM81LNwTQbOM0URWQJVuaJi5IpdHIM80bDID2qSQCGsB4HNSyLxUVrjGaLPas8o0RoGt5pLZpDGxG9djc9xVnfrOZ58zWsMtu+GeNuRkY9fpVXkHPFabaFxT7NGHysmBVF6OifDvU7a61TVIRBFDd3JEsO0AM6j8yZ8z2bH1q19Uazb28dp+KidJkjYBCMHgcHn1P+VcRRSrBlJVlIIIOCDXk8rzT+JPI8jk5LSMWJ+5pmOK5qSFSyylFqWy/dJdNTdTaxaRyMfwVtJFPeSkd9qcIvqzFz9AD7CvpLT1bwAoQLFGBg542+Rr54+EepatJ1BJpttcAWBRp5o9mQHY8MD3Bwo88V2gXU2m6OkDS5mLqhkY53FmA57ZPPHb6eVdjzW8mZoR4/4IbPmD48LrcPUn4TV7qK4/GOboNCT4ZAO1VweRtHl7+dIuidBh1LW7KzvJ4rWxc7rmaRgAkY5Y8+eO3viu19c6Zp3U1rHp11C8C2VyZBPH88iqQQUTOeWI7EjsScAc8/uelbez1Z4tP1BL2KSLsrDdCxwVV8cZyAOCRk+vFN27k+yoySpUdAl680rSduidMx2OnaLHExjuCo3SHA/NkfmY/wC9UHq2XV7mwbS+qZrfUrURieGX5TPaBhn5G7gdsrnFBWel2Ut7c29zNcRXbFVhRwAAxbGT6gUZZ9EXN/qdzbLdASCQx+I8Z2mMd5N2cAd/tzS8mKEY1QjH5LxpylOpOtP9elH+Wv12NvgDfP8A9zo13bT3T6bMzBIkJDKx8z2xncQM8+9fQMFra3zHb+Iimxkxzrtb/eq18FNO0x+iLO80tAVlmn8SVTkzMkrIHP1Crj0GK6DcQysAFlVFHkFGf4mudKOzqPTZy74228DfDvVo75Q/hxLJEw5KSK42n78j718pxSDivqH4931nB8PNZS5j3TTtFDCQcZfxFI/gFJ+1fKaNxQyBirQeXDGsQ5Y0MpOKmiOKAFoMY4WsqORvlrKgNB1tdYXvU7XAZKTQtRiflplD1tEdzL3pa8vzUReHvS7PJq0KkrYQshzRtrNgjmlgNEQtyKtgxWyz2UmaY7spSbTjwKcxr8lA0OcbRC4wc1qDW8ox3oGWXaeaBwEzVBe8dqhb9o6omNzHAqASbj3ryWRYIJZjklVwv948D+dMwQuaQHsztP6OliszdRaiw3KJ47VGHHKpk/8AuWrP8Serh0nrfT9rHG8rXzSjcXISPACgkfvZL+vHel/6L1nIPhxc3MiMv4nUppFZh+dQqJkfdSPtVU/SjhKap02GJO6G4wB/eStkX6mVt/Uko8Y0NrjV21Ge5dQkdxHMF8MnAjQjHie57DPYAAUVrnS8cqw3MUiW99GmUuFbKSKBjD+vHn/nVB+Ht0OqbyKzd449Th5/ayFDMg749Tgcj79uB3bS+mNJWNrG7umIZQzW3iHGPYeQPatUsscaQiGOc20lZS+kLaz6jRxrUUaNYn9lMkW7cc8/MO68fXng1B1J0n1j1ZFNpPT1/wBP2ujOvzPEHhkmHmr8Mx+xwa6pb6bp9hCsVtGqIn5F9PpVP6je60+5Z7N1WGT5mQcEH+VY/Izy/NHo6HiY45NSX4l7+/6X2XL4cdMx9G9GabocbpLJbITLKmdrysSzkZ5wSTj7UVrF/HakgRh2A5OcAGkfTWvHVtGSbxdlzExhnDHGHXz+hGG+9D63qy6Zpl9qV54b2VnEZZATyQB2B9ScAe5FZYu9lZLTaZwT9IjqT8ZqVloNu2Y7UfibgkYJlcfKPspJ/wDOuSRLmidc1C41fV7zUbwg3N1K00mO2Sc4HsOw9hUMIoW7C6iTFeKxeDXpNaE80uqYtkkj4FZQ8rcVlGiUFW/OKNzhaX2zcgUax+WjGroBu2zkUEO9T3bfNQwarQqRJgVLEfmFQFqlhIyKsEsmljJWrHEgEdVvSWxtqxwsCneqHXoCvuBxSabLNim9+4GRStuXFVITM8jRl58qG15iun5XyYZ/gaZrtwM1jFByVVxggqwyDn1FTHLjJMXFnffg31r0xY/DfQNMPUNjBfwQETW883hlXZ2YjLYH71VP9JyNtRHTeoQyCe1VZ4hLGwYFjsYDI9gT9q5DpmnRG5bwUQOo8Q+pwR2/zxVgTpY3t5d22nP8zYZRjau84x8o9c/41owqp8vYZNN9FTh1KW1khFo/hyK2cgfOCPPPrXT9A18a1pdu2nas2na5CNlwjsf2pH7wPlnv2ppZ9BdH9PW8dn1XPLd9QzRbtkO5Y4DjOBt/ORjkk/auXzWthPHL+GS507UAS8HindHOO4APdWIHHJFasrySx8nFqP1Wvt3/ALZIYIY8qtrmva1yX+P7nUn606o0Zl8a9jvIx+b5qX6x8QLzUiFit38bGSO5PvXFTqF3uwZpM/2jk1GLu5jnE8c0iyjs4Yhh9CK5svHk33SN3/LSVJW/rX9j6H+EmqXLapqdnfSfLdRi4C+SMnB/9J5/u0m+MXWMF9p40DSp4ri3Z1muZ4WypK52oD2POCTyMhfeuLnWtSug0VzfzvCeGQvgMPfHf704l2iIbfy4GPpQrE8cdszzfqTsSzD56lhFaT/0lSRdqouS0bMa0LVrK2CagMlQHiTSHisoZpOKyrotILtn+ejS/FZWUTLXQtum+Y0KGrKyrQtmFqngbkVlZVkRYdLfGMVYIXOysrKoMAvmJBpNJLIsnFZWVTFTJVumxzW5uQRyaysqgIdhOh3OzVY1DbVlVomOM8FT/PHNdB0PWII7FbWyUwXhXcWABZfDwAAfMkAHPv8ASsrKfjk4xdBzRVNGsLzUtZndr0tCq53GUhuW5HqporUNB1q+nMaSvMcCPwUiDbcAc5HbGe9ZWVvjbzVfav8Al/Q5MZqXmcHFfmSut9opF1olxLcXssTIyrIQCOQeR7+9Qy6S8cT7pAHCkgYA8wPX3rKyubbSqzsXsJl07Y1ncnwnhxt4Cgg4JGQPoaluHGysrKCWgo9imY/PXqyACsrKAaDzyZoctWVlEhbPN1ZWVlQo/9k=', NULL, NULL, NULL, NULL, 'USER', 1000, NULL, NULL, NULL, NULL, '2026-03-07 21:54:01', '2026-04-05 11:53:37');
INSERT INTO `user` VALUES (9, 'wanger', 'e10adc3949ba59abbe56e057f20f883e', '5554455@qq.com', 'data:image/jpeg;base64,/9j/4AAQSkZJRgABAQAAAQABAAD/4gHYSUNDX1BST0ZJTEUAAQEAAAHIAAAAAAQwAABtbnRyUkdCIFhZWiAH4AABAAEAAAAAAABhY3NwAAAAAAAAAAAAAAAAAAAAAAAAAAAAAAAAAAAAAQAA9tYAAQAAAADTLQAAAAAAAAAAAAAAAAAAAAAAAAAAAAAAAAAAAAAAAAAAAAAAAAAAAAAAAAAAAAAAAAAAAAlkZXNjAAAA8AAAACRyWFlaAAABFAAAABRnWFlaAAABKAAAABRiWFlaAAABPAAAABR3dHB0AAABUAAAABRyVFJDAAABZAAAAChnVFJDAAABZAAAAChiVFJDAAABZAAAAChjcHJ0AAABjAAAADxtbHVjAAAAAAAAAAEAAAAMZW5VUwAAAAgAAAAcAHMAUgBHAEJYWVogAAAAAAAAb6IAADj1AAADkFhZWiAAAAAAAABimQAAt4UAABjaWFlaIAAAAAAAACSgAAAPhAAAts9YWVogAAAAAAAA9tYAAQAAAADTLXBhcmEAAAAAAAQAAAACZmYAAPKnAAANWQAAE9AAAApbAAAAAAAAAABtbHVjAAAAAAAAAAEAAAAMZW5VUwAAACAAAAAcAEcAbwBvAGcAbABlACAASQBuAGMALgAgADIAMAAxADb/2wBDAAYEBQYFBAYGBQYHBwYIChAKCgkJChQODwwQFxQYGBcUFhYaHSUfGhsjHBYWICwgIyYnKSopGR8tMC0oMCUoKSj/2wBDAQcHBwoIChMKChMoGhYaKCgoKCgoKCgoKCgoKCgoKCgoKCgoKCgoKCgoKCgoKCgoKCgoKCgoKCgoKCgoKCgoKCj/wAARCADIAHADASIAAhEBAxEB/8QAHAAAAQQDAQAAAAAAAAAAAAAAAwIEBQYAAQcI/8QAPBAAAgEDAwIEBQEFBwMFAAAAAQIDAAQRBRIhBjETQVFhByJxgZEUIzJCobEIFVJywdHwJLLhJTNikqL/xAAZAQADAQEBAAAAAAAAAAAAAAAAAQMCBAX/xAAiEQACAgICAQUBAAAAAAAAAAAAAQIRAzESIUEEEyIzcYH/2gAMAwEAAhEDEQA/APLgFKAzWYpajigRijiiKtYoosa8jNOgEhaIq8+1O5oYv06yJw4OCPWgomTzWqEIKYNbUYpztGO1J2iihAgOacDsKGBzwKKBQBvFKUc1oCligCQh0e+lsjdxW0sluoy8ijIT/MfLuMeuRTV4JI9viIy7xuXcMZHqPalrPJleV4AA+UeX2rZLM2W7n2xTArIWlqtFVK2VxilQxCrzR1TtSEHNOo14oASEzT7S9On1G8jtbVN0rZOPQAZJ/ANBVRXVvh9pdvadPR6wqn9ZIzRxOVHykZBA9cgj6e3ei67BK3Qw0r4bSWswn12dIokHzRqQTu44yDW9a6e6UDrbx3EtpcxxspIbcHfyJyOeSOBjj070402DrLqHT/7ySEvbyS5gX5c7R5EMcYPv71U9Y0jqHSZZbjUtPKBsoJS7fs1znAI4H3qXuJurLPE0rrobXnTM6O7WEiXkQxtMZBZge3AJ9DUM0ZVirAhhwQanNGv2juIbpXUBGxI5JUMOCVIUjPl25pPUluU1KSXY6rMd2XOct/Fz9fv61uMvDIyXVohQKIorYWlBcnitmRaLRFFaVaMF9KAK8qMBzW9hNGAzRFSkOxusftR0WiBMVsd6dCswCur/AAsms7jQrzTxdMt+C8kMfY/MgDEeX8IGc1ykGrd8KLpLT4gaQ8ufDkkMJA8y6lRn7kGszXxZvE/mjv3R13BHoksUimD9O5DIAPlzz5Z9aY61eWWsaXdCAeKu1gVZCuT9xVl1P9Hb2LmVRGrkDGMlsfT6VGXUOmRqrRx7WuNpIKbT24z9q8uTPcro8v3GlXNrqkzxDEduwMrYG0AeXpnjGD50rUbgXd20yrtDAcc+nuT/AM9O1Wb4iWMWk6o9tb3O9pm8WaAFsIcnBJPckHOBwBjzJAqirXpYnas8TMuMqRoKD5UsR+YpaLRQvFVJAwnlS1SiquKJs47UDK6q0QLS0iOM0URYXIpCBhSRmtbPanRiIUcd6WkP7MmgBgRTqxM0VxFLalhOrAoVHIbyxU1050tfa+t5La+FFa2cfi3FxM+1Ixzge7MRgAdz9zXWPgR0jaS9WQXDQNc3FpEbj/qABGhyACACcsM5BJ8s9xSbRpJ7Lbps13rejw3c9xcaTfKAt5ayIEKSLncNrg4B5Pl5c8VG3WowtchYm3pGdq5OfuTV9128t9S1FtMuBG9xHGHkgb5tgJOCfr9T2rkmtdQaX0xrtzFdWUfhQvgMJCNpxngHgn2rzMsPlxR7mKbljuRU/ifpyT9UXVxDIgmMMLGJjgspXG5T2yCuCpweVIyM4pEltJCV8WNk3DKkj94Zxkeo4qb6s6sk1/UGuERoLZ2BRP4iFyFJ74OCe3H9aNpGpItgbfUbcXloxJCSuwZCeCyEH5T28iDgZBrvxtxikzx8qTk2ivbTSx27VI6tbW1vcotpOZI5E8QI42yIM9mHn5HI4OR55AZgYFWTvsk1WzS84oo5rSr50ojigBgIs4FLMe3vRuAaS43HFIQjGR2/NKAwMCl7OKwJk0Adf07Tm074GBrOMtdapcmSQqBkKpOMnHZRGW54BJPAroXwZhm0bpPUtU1uNrB9giigkBRkhjUsXKk9yzMTxnjua5N1j1DcT2WkaL44jsIdOsVAjRny5hRizKO55xg+nvV5681e36e+H7hZCxKAJI0szs5OARh2LAE8YJIHY9zXM5OL/TthBSX4cO1Hrm41LrXW9X/WXdnc+KZbSWHDFMDaEZc4wyBQT/8AEd+1VLVdVu+o9beS5uZrqWVwWllUIWOePlXhR24Ge32DGG/jhv5JPBDZSQY3cE4YA/zH4onT0MzP4sS5cHdk8ge59fOqcVdkebqi1x2CNeOItzRRgKm4YOceePvT1EXxUidsgMFYdqGt5fnTZoCYzJJIm1okSNgACWBwMkHjufX1NBs7QwXURnkMkksiruH7qgHtn15P86HoFs9E6n0zput9Cst3Cn6lbczW84A3RsBkYPocYI9CfrXncrjivTfRW+Tp21if5tm5DnnIzn+hrzt1JZLpfUGpWKhglvcPGu487QxAz9sVP08txKerhUrI8JmtEYpYI8qS5zXUconYCckUtrcKqseM0guQuDRJpD4Sj0pCAlQo71uJCxCgZJOBTd35q6fCLR5NY61sSuBDZOLyYnyVGBx9zgfeh9IaVuiv/ES/Np14bWJzPp9q8UMqpNndHDhNoYcrlVA9QTUd8R+r06u1WKSCGS2sNOtyI4Z7jxHeQkKWyTkknZwM8KTjvXU/jD0po8Etzf6fbSxX9/uUxQLuDsTuGFx3yBwuM/c1xq26aSOcLebcIdw8M4JGM4PfH/moxkpHTkhLH0/JVZ0jjnCwO7KI+S64OdvzDGTxnOD6c8dqtfRqFFlHPAXPHqT/AM+1RN/YONXuv2XhxxpvCspGU3BRj8jk1bei7WCXRdVmmuIop1khEKuv72Cd3zH5VwCOSR+M1omkOywDExMBxyD2I/3FMbqdlj3AbfBkViccHkDP4OaRc3ceDMhjYFj5jDY+9Btbpr1bi1W3KxSROpYuCF+U8/nBooNHqP4bXKXXTwdWBYPkj04H+xrifxdRI/iHq3hrtVjG+PcxqSfyTVv/ALPWum8t5rCXIl8PLBu4ZTgj+eahfjnZi362EioVM9tG7H/EQSufwoqGHqdHT6qnFNHPVbArea2E49qwr5V2HCCzz7US4zsXNCI96xyWAGaAB7c966T8Dbk23Ud+i4zNZMmSe2HQ/wClc3p1YXMtpcLPbyPFKh3I6nBBrMlyTRqEuMlI6f8AGXV4lsvCjEM07q8QR1Dbd6Fd2PIjdkHyIB8q5TNdOi2hkkRmLRxuF2jvuXJxzzgE58yT51Z9WkXVtCi128uVbUIJBF4cYCk4xhj785yMenFVbqGVRpqERJ4iyhA4yCArKfp58fU1DHBxVM6c2RZHa0RuvPcXF48888khjhihXJJ+TL4H0GztU70/biPp+NI1LXF1IeMc+gA/l+ag+o444dVmihmMqmOMglcDPz5H2JqegSWTRNPXaIoI4yN0abTIxzyW9RuA79scGqEkOJ9HitopP1DWpmjYNsL7n74OMehHIJH0NNN1ylywRkG1S+5hxjGP6HFF8FobFklLmNPmD58vT+dReo34eNAGK+R2nuvp+QDQJl1+BsbWnWd5cWzt+mj2MfPO4cj+tXb47wNNrOlXRx4T2xiU+ZKtk/8AeKgv7ONkuoz6hdY4E2ZFHYKqjb+ST+KnvjZctJrunQMR4UcBdR6FmIP/AGioR+0vk+lWcuktjnC0F7dgeamflI4oUiZBrsOMq7PzWt3oa03NaxSsAqH1NbDc8UIdqwHBoAcGd47aZEBKOF3DyGGHP/PWtapCJdIlnDZLyFTzxkeEQe/u3kPqecOtJ8N3uYZW2iWB0U7d3PBH9KiDf/pbfjGd6SIWGRuBPODwR2rMikNENJK891cyysWYyEZPtV8t1aPQNKzJECySSABgWwMLhh5cgkf+aoBOyR8KWG9jx7kmrXHIraRbJJzI0WSOTgA8efuRWTSFdQ6khhgs4JAyog3kebVU764HhuScnsBT6Wx3MWtTj1Unt7/Sg3mmt8jSN+zA52jHNBk9I/2ZtHWy+Hb6k2fGv5Xwc8BEYqOPqG/lVY+LuoLP1g8aEn9PEkZz2zy3H/2FdO+Ell/dnwv0KDcDugM/Ho7FwP8A9YrgfUOoLqWuX94oISaZnUEYIBPGftUsXc2y+d1BRExzGnUbgqaio354p3ETiuk5SvZ4rRAFIzW80hBAOc1hFJDcUoGmA7sYgVlmLovhDgP5k58vsf5VVrhQ87SIo59ucVdmgzpsJgV1SaAiYrhizh39eRxt4HsarN3p3hyoI5PlPbeOf5Vhsol0RQjZT+9yO1Tmm3yT2sFm9ujTguokBw7ZHyrzkYBAPAzyeeaa/wB3u6N+0UEL5Zqw6H03pzw7ry6Ek5GVj8XYfsMf60rNJMrE1xHC2ZMqVPfsc02/WT6lexQrJJ4JYZVmPIzVp1fR9Ks7eUiykW6xlS8pYgevBqE01YobKKTaWubifwokB/hHc4/1oMtHR9F6r6h09PAjvpHskhMK20iF1C7cAD0qq7sn3p2L+y8OS0ubtU2bim8FkDEFQAcHvnvj7jvTNxhiK1FLwZk29h4u+ado4ApnGcUXeK0Igd3Fb3eVB3Vgb0rIB91EU5xTYGiq2fOmBb7eyml0rSJY8wxGOYgjC73EnJJHJ4KDn/DVf1fLSuHUcsdw96srWMaaD0/JcTti6inaNVkIKlZCOw9efxVTuX3M5HKkkg+dTey0dCLNcyjklgcHJ7g+tXXQ5IpNOfYpDRZ3NtzjnjB+4qhQzFLiPcndgMirt0xaWk8Nw8yIHjBBbYd2PUYx6980hlf6rljtklWDYvicEEBmNOND8OfpaJtYuoLEacZUsokyZ7iSTBORn9wAke+4011O0hnu5ZEiRYYxy7Nu3H6+p+/1o9ioS4Ro0UyN8gdvmIXt59vtTasUZ8G+iu2enyyXfiyTQskblW8LPLD7VNt34p5rU8cmpy7ERMAfLGm0YyRz5Z48vrTLPPeqR0RYoNis30k1o8H2rQiDL1hbA4oAetF6nZqh2rUVWpmr1N9Ip4vUmmqVV0W4R3DDK7VIJz7YBp2Khxrt1DB1NHHbblgtFFoo7/NGAHbv/E+9vvUU8xIYE8g4qwdaRQy9U3UtiiGEEbltxuwx58h3x/Op6LoOz13QG1PpvV4579QDPpUq+HOg7blB/eGfT81NlkvBz0SDaWbnA4FWrQLq3hjuUup1jEwwpzz2Hb2/2qt6xpOo6U3h39jc27dz4kZXjNS+hTCW1GIiYBJs2yjI4Axx+fI0Jjaa2PtVaK5hWPTwv6eEbiw5yRTWzliZeJP2oHYAnFOb+7n8B7eztSiuMMUwN3/PpUWbuXTYSbmeCHAyI/M+1aMSQ61EL+zK8sRgtnv28vXmmgHFR8WtWr25e5uU/UGQnAyfl/H1qR07/wBSO2w/6hv8MfJ/Hetp9E3s32xmtd+BS5Y5IpWjmRkkU4KsMEfak8CtCKcslEV80xR6MrVI2PUbjmnVneSWlwkkZx33DyYeh9u1R8b57kCgXV+q/JGoOP4qGwS7slr3U5Zpmm062FlcSNvcrJw30BqXg6s1ZrCza4hUT6e2RcoxEjrnOD3Bx/SqXFqk0Uiurcr+7nnFS0GtG5WOKVUB55AAzk1OV0VhTfZ1XSfifNql9HBrFqstrO3h/KmDz2yDkGnvxB06DSHsZbKJYrGWQrPGigYzzx6Egt7VzHQbNbe9E6zMyZ3Kh/hNX34j3dxfto8KRyGScGRUHJZjtUAD14P5qMK9xKJ1zm3hlz2TsvTr9IR3HUd/fJcWNurfo4M7vEkPEecjsP3uD5V5/wBcvZL6+mnmYs7sWJPmTXTvjH1FORp/TxmEn92wKlw6nh59o3H7dvzXIpGySavBOuzkyyjKVxVIHUx03M8GowvGzI4PBU4NQ9SGkNi+h/zCtMki/wB71LfXszx6ky3qr8qvKMyIPZ+/2OaawTLNGHU/aoqQ5nkPqxo+kP8A+9GfJsj71qLMvZUEfmjI9ZWVk0DnmOdoPFNic5zWVlACaVGxVgR3FZWUAXPRJHCRSsuY3867t1G2m6d09YdTu8Zk0uNxbJgYllcDZk+YXBbFZWVzJVkO2X1P+HmXU7uS7upZpnLySMWZj3JJpgxzWVldSOITTzTTi8h/zCsrKGBc7nTlhebOoWDlQzARyFt+H28cdzyQDjjnzFTmiaNYRaPeT3qXI1Dcwhff4cLrhSrZZfIls+vYbe9ZWUroErP/2Q==', NULL, 'FEMALE', 22, '15545454815', 'USER', 1015, '您的宠物名字是什么？', '狗', 'e07bb59a6e30448d92ce2ad0897a4a78', '2026-04-05 23:14:51', '2026-04-04 14:11:38', '2026-04-06 00:59:33');
INSERT INTO `user` VALUES (10, 'lisi', 'e10adc3949ba59abbe56e057f20f883e', '123@qq.com', NULL, NULL, NULL, NULL, NULL, 'USER', 1000, NULL, NULL, NULL, NULL, '2026-04-04 20:56:22', '2026-04-05 11:53:53');
INSERT INTO `user` VALUES (11, 'wangmazi', 'e10adc3949ba59abbe56e057f20f883e', '33224@qq.com', 'data:image/jpeg;base64,/9j/4AAQSkZJRgABAQAAAQABAAD/4gHYSUNDX1BST0ZJTEUAAQEAAAHIAAAAAAQwAABtbnRyUkdCIFhZWiAH4AABAAEAAAAAAABhY3NwAAAAAAAAAAAAAAAAAAAAAAAAAAAAAAAAAAAAAQAA9tYAAQAAAADTLQAAAAAAAAAAAAAAAAAAAAAAAAAAAAAAAAAAAAAAAAAAAAAAAAAAAAAAAAAAAAAAAAAAAAlkZXNjAAAA8AAAACRyWFlaAAABFAAAABRnWFlaAAABKAAAABRiWFlaAAABPAAAABR3dHB0AAABUAAAABRyVFJDAAABZAAAAChnVFJDAAABZAAAAChiVFJDAAABZAAAAChjcHJ0AAABjAAAADxtbHVjAAAAAAAAAAEAAAAMZW5VUwAAAAgAAAAcAHMAUgBHAEJYWVogAAAAAAAAb6IAADj1AAADkFhZWiAAAAAAAABimQAAt4UAABjaWFlaIAAAAAAAACSgAAAPhAAAts9YWVogAAAAAAAA9tYAAQAAAADTLXBhcmEAAAAAAAQAAAACZmYAAPKnAAANWQAAE9AAAApbAAAAAAAAAABtbHVjAAAAAAAAAAEAAAAMZW5VUwAAACAAAAAcAEcAbwBvAGcAbABlACAASQBuAGMALgAgADIAMAAxADb/2wBDAAYEBQYFBAYGBQYHBwYIChAKCgkJChQODwwQFxQYGBcUFhYaHSUfGhsjHBYWICwgIyYnKSopGR8tMC0oMCUoKSj/2wBDAQcHBwoIChMKChMoGhYaKCgoKCgoKCgoKCgoKCgoKCgoKCgoKCgoKCgoKCgoKCgoKCgoKCgoKCgoKCgoKCgoKCj/wAARCABwAMgDASIAAhEBAxEB/8QAGwAAAgIDAQAAAAAAAAAAAAAABAYDBQACBwH/xABAEAACAQMDAQUGAwYEBAcAAAABAgMABBEFEiExBhMiQVEUYXGBkaEyscEVI0JS0fAHM2LhJCVy8URTkqKywuL/xAAbAQACAwEBAQAAAAAAAAAAAAAEBQIDBgABB//EADERAAICAQIEAwcEAwEBAAAAAAECAAMRBCEFEjFBEyJRMmFxgaGx8CORwdEGFOFC8f/aAAwDAQACEQMRAD8A5vdiR4Y7e3j70yEBjIvhU58xnmh9QtbtB7LtYMQZIpF6HA5U4pklsLm2t1ujGe4PIlU5X6jz93WraNO/t1kMeJXXoF9/pW+Oj5CaQ2x9PrKntK79Zzq002e2RZYkUtKoGVOQwq5tYlELLI6RyAco5waZtF0od/dJLwYHBVMdAwyD+f0qTWtLgFkWmVRg+Fj/AA/OqdqEPL1GYRSjHzGJkenPNKwfIjcbWAoe0g9guJ7G6Ae3c4YeQPkRTTHbm0tSxUPCB4WjwPkR/Slu7k729LODtbgCqdVUroLUXzY3/wCS9SEwR1/MwRJHsJpYlJktzwyn+If1reGKO5ZrZnxgboCf/iaLuIFuZEit0LSdSemBRS2llA0YiczTJzu/hBpPdpnRsY8v5tCKUazYdPzYR2/w50CK20x5Z443luGzllBwB06/OnmPS0QAqi/SqHsFce06SEMbRvCxQ5HB88g0xareiztd27Zwcmm1QVK1FXSJ7rGWxkO289NqgU5UUl9tNdOjSR29kie0yAsXYZ2L0+tE6L2luNR1YQmCTu2JAlDnDY5PGOnTz8xXOO3+ri67WXFrbDv5lG3apwAAOcmprahUuT/9kKy5blM1Op3AP+e2flWt52ne1t1VoTJOxwpHAx6/GgbXR+0FxZPcpYAxhdwYDg/eqeVppLgW13EFk/ECpyDyR+lKnsUnC7GNfGvRS2TJodZ1ZJTcLPvZjgqVyPp5U89ltbGrWTCXC3UXhlX9fhShaaesuR0UD4ZPpnpV3ofZfUbe/jvII2toyPH3r5DqfgKoccu5k+GXXG3CgtnrGhCQzMvVevvFWMMUs0YdI3KnzxQixyafdRSSKGBwfUGm6CZJ4VeMgqR9KidtxNbpqOfKvsR2incDu5QJDs5wfdUyxOVI4OBnOccVrq0SNqJVHQqc4xyM+lSWGn3E+PEwiHTd5f1qJ5sgg7Sgp+ryJue49Jz3t0pOo2kpJPgKc+WDn9aj0Y5gukPmgP0/71ff4pafFZW1g8bMzmQhifPgUu6e8llA1yF3sRtVPXNNdE4Aye0+bf5RpmTWOnc4+wl/YXkNrYxR3Al7z+VEzx9a9m1mFMbba5fJwPCB+tAXF1d+AJCqvjx7gevuqHvNRbp3Y+C0zXVFlBTOPhMrZoxVYVtAz33loNSmcZWydR/rYCsqsCai5x320kHBwOtZQ93FBS3K+f2EL0/ChqF5qwuPeT/yEtcT26yd28iKw2tsJIYe/FXfZrtVaxIbfWo53QECOaLBKDHQr5j35+Rqoms2tV2gxAHkAOPtVVcblcM5AB8x1xTfja2ci3VN09P5m2IBbJnRrXVtJGrXV0l0qwywxKAykEsC+ePcCPrUkmrWEw3Syxqq9MMCP6/aubadJuZgDlScDNHZ2SeNFkXzUkj8qr01S2aP/YY+bfbtnMizMNswvtDcNNqjraFTbKA2Y+jnHJOOtAO8UsWXTLbsAj7/AKVYy31obJoYrRoZCMA792PnVVMpgt4WAO3ex3evT+lU16kIuLGGe4l4UKdjkYmNbHMiRKwOPFjripNOaKJ1CxBj/EzHNET3SW+o5biNwDn3GiLmKBI9i+F3/C3pQmrdLDmvEP09QViwPsxi7OakserWf/MDszsNvtYjB4+FMXaDVnjvGh7omFD4soWB55/v30ndjdDm779oXs6LbQknAOWbH5Vqe2qXOsPBc20eyWbZCCcMMngsPP4cVQgcKWIxvF2oam6/nbrg526b+6PmiWlpLbe1xWkFvOQV/dAqMHB6fT6VyWzistL7ajSdW7ppln7xJM5DBhgKfQ5wa6QusJZxiCBWlYDJ2rgf7VzfUtLtu0PaO8uLPTZp7523n9+QPD18uPL6VY1TIF6ZEXeKUY24wp6TpcVjaicafFJGkcg/yM4BBrlnbV7OPtPcWGnGNjbBVdl6bgMEfKug2etagmkyL7JMkhQojEqSGHHDZ/SkHSexlrDrUEd9cyQzXMeY3DbssecnPXNK9QfFvPJ0Ef2gClET2m/B+8h06zvL+KWG18Ua4MviwB1wT96YF7K63p9m9zZal3dyg3CGMthh1wT0+1AajoGpaPILiG/VGTiPBPiHpj388U5aD2oso9LVtTt2trkAKxI3K5x/C36VIBbcoesoo03hH9UEH1z/AFNey99fT6THd3hhWWZQYFceWcFuo65GBR865nEUSlJXXMsSHKr7/nUcWtWj6M94kJki3mO2RsAuf5fd0+lDaRqjXr3EbI1vdphnUkHOc4IPmODQFCOzknbHaJuBXcR1HErNZrXYVqSgAOxxt8MD98+7aFpopLKyyju85ORyvw9auoYxFEqLnA9apjJI8eRIyyDzBqF9SuXUxSMqMB+JRjNWmvBzPpyW01eYDrKf/ExbaWC076QGSKXOwcnBHp9KVoJ4UwyxysfIlatu0aE24L8+Mc0JbRqY1wCasq1NlHlTEw/HtBTr9UbrMgkDofT5TV74udxhlZj5nGa1N43/AJBHxejhDj+A/WthHj+GpHiGpPRgPlFC8B0Q6qT8zK72mc/hhT/1E/pWVYsjkqAvO4VlQ/3NSf8A39B/UvHB9CNvC+p/uCvbwNGXaYjnG0DmqvUoYsbIhJIxPh4/TzqymvIz+JTjzwRWHe4draIbTwHYjgVuG1aairwg5YnrgfxCmTB6YlLpaPHeSxXEZXABIPX40fveOZZIvEycqSM0LMWgvWcHxlQOT515eXBXwqhik9xyDVGltp0uneiw7An/AJ85UST0h37TEj4u7CBz5nDRsfocfamrQIrC80tle2wgfO2Rt/OPI4FVPYq7l1G4XT79raSAA7Vmi3N8FPGPnT2mmW1uiJDGETBwFGAKRaOovcbi2V3G43jfSKTg9cxf1LSNPu0iBi292MLtOOPSitG0FLyaO1hGxFBJc87Vq2mtI9ngXmrByNH7NvKmPa7rwjB5Uen6/Om7GuscyKOY7QDjepfS1/oj9Rth8fX5DeKkdvcWsl5aQyFrTvCqjIwceecfaqS5gF7qCmOCJbmKTPe7BkD+tNUSNHD3WfFgAH3+dbQWcUSkBeT1PmakKw2Obp/Miam5ApOT3MD0i3htRM1we8Y/+44/riqK502PT+09k9kZI2FtLLt3ZbO9BycD1PlVt2nuBp2j3Nwg5RRjJ88iuRaz2v1C41yO809zHFCndxqRkMvBOfiQKXcRdUsDk9MbT1yBUKCBt/Mfo767juRbx2rG3k3F1I3KWyfFn5+vr61Bc2j3OqweyhzPNG6Kp8ZBXBU8egz9aP7PdrNEvNGmu9TmFrcwrl7Yfif/AKPXn6VzrVu0t7d63+0bRzAkZIihbxAKfI9Mk+ZpJqLkJ8RTLVVggDb/AHnTzZu1mslwhYFyj7eCrD8jVZ3Nvc3yQN3ksZbKKGxz08Q9eah7Iahc3MTNNIWjnIcg+/8Apj71fS2scV/FcIuJAcE+6j9H7SNZ1lzsbKsp84T+y7J4o7JF9mZG3xSpyQ/qQeuaLs9Pi0nvpZJTPdS4DOVAyB0AA6DmoL2JZEbO7LDqKjtGxFk8tnGfWo6lRW2QIZpqze3KxwJKHfOT1PNayKsg8Q58jRN5bXNm+27haMsMjPQj3Hoag6jihCp7xrXbXauazkSg7QLizbPlVZbFdg8Un1NMd/NPZhbqAbXQnaxGRnH+9LVs0iKA4yT6mg7T58RLrWxdyEdoUu3zMh+tbju/R/oa2QMV54+ea1cEdJB8CP8AeonMHAExY4mcZD/esrxFLMNzr19MfrWVJOk4iVDxy5JJY/EYom0lnjQoV8J+1STY3AbTyM9ayJW/lrS6QlLOZDgyt1DDBkM1g90+T4QeDxk1jae1vtaQF0HRien06VaW6kdVo1T4cFcin1emRj4rbkwOxewkvYieabVY4IJpDaqCZlKDgc48WPUinNdwiKP+NSai7OQxx6YhjRELDLbRjJouTvC26PfuXpt4pach2z6xzpqzXUDnJg2GMYbGM9M+dDmCOeRt+4NjHvGKkvI5FJZE2FT4nw23PxOcUNBKfakLnBIA6dTkiu8Zc8p2MsRvE26/xIYroPLgRPvJwDW4maVW2RyEq/dkBeh/vzraKD2RmZmDPk7VqKGYQROk2XDnJwcZNWBnwMD4yB06ZOTKDX5PbbFbMjO6TDZ8wK43qunvpupT2jZOw5UgdQeldr1BReA3Q8Cq4RcdAvT9ar7DUE07WpjcWiTs0eD4QcEdDz8TQGs073WjPcRYyoELE9DsfdORpa3Djw28pPuQ1kljfBlVrS5UMQNzREAZOOuK7PH28W4tJGg0S4ZI2CsVQHr8BVbrnaO71KzjWTRLyG2Rw7SMjYGOnl61n7NMA/KpzLE8PBPPv8JBo9qkDQBGIKRYYAdMEc1eXVwRKRskjZT4e8XaH93PSqPSp0jmjkuTtadu7CA/hU/2KcdSgkvZYIIEDSTgDxdPjTRkKoHU9Ibw5arlZG+kFS6zaLI3QDgY5zUVkShKSHk+IfOruz7Kw28e9p55JF6EL4F+APP5VpcaYNypKcfxK6jy86FvdyQWG00NGgwux83v+0O07VWMYtL6H2u1PAQ/iX4GoYtMiE7uQ3d7sohOcD3nzo23gjhjAiHl16k1JVTWFhiT0nB9PprWuUYLdR2+OOmffF/tlGv7LjwAFDFePeKWLCKOe3AcB16g03dq13aQxPO1gaRNNZoUxGzKPTjFAahCxBERf5HpGutDIcGGTxiGQpyR1HwqMFf5frW5dmJZ+SfMmovaAM7iB86ioON4BUCiAOd5PGwUghOh8qytFlDDIIx8aypAmW4Bg80JEi/A+XwqWGE4GeM+6vGY8YdPoa3RXLI28AA9flWi09gDbCCNn1hsMDGiBDgA/lUNurkjxD60cFbbyy1pqbCUEEfIMcOzVuDp8StxxmjrmQBJEtmAdRgDH3rXQ9vsSHy2Dn5UPfNFu/c5JznIpM/nsOZqFrxpQFOCf3k9/M0JsVvZ1azdyVWNcH1XPpgf70rXF8by6kiskJjDl48DoP8AtVwbF7g4liOw8licE/EdDU1vp1pbRB0VQvIcHOckdD/T3VWawmO8V8L4Rbp7GLtgdu2d89PuYutIQ43ZJYZJHJFV9+JGSR1Xu0VSW8yTV/qYiRy6JsjxjIGfsKoL+7jOlSrLIkUhYbgxxxxRaIjupc5x26D8+Mv19bVKwJ3kF3MYtAWONcyOwCgDk00dmydIsFT/AMRJ4pW/IUtaRF30sUrOrxwjAwcgt/f51cvfxsdxWQ/6vKiblDgCZbUlrTyN0H8Rz0qNk7P6yHUFiiP9QTSorqsc1vcRhopF2OD5e+iLLXporSW3jQst0gU+vAxVetwstxIkrEtG20BQSTS1qyHYN3/oSnSq6Fiw9oj7f3EefSJrfVLiNgWiCM0R9+RinXsrdo+rWTTEbXhZRnyf0o/UtFeXTHuYhm4QHu4/5vcTSdoFx+0vacq8E9uQdgGSSfP3dKAs2PKDNbw2tqmVwvtdvrOs3XdiSUhWQCQsq4JwuTxn6VW35Rykbcs2XA9B/f5VX2t/qQshD3+ZNmRJsHB8uoNbWjSyRq1y5eXHiY9SffXtqkr5uwmmquyVC+sjDtbOQ3MZ+1FZyMjpWs0YdSD0NQ25MWEf8PkaV4jPoYL2iXdpE4+B+9c1gfu3IGM54HnXQtfv4fZpLZPG54JHQUj6OiJfzmUjvCfDn091UXnkGZlv8guCedRnEkjju7khEVkXzZxgCrLs5aWlvqMjarapfqqkbHOBz0NSzXMMP+ZIAfTqftQ8d5Cl6ZFfKFcHIx+dANc53ExGpsu1K9CB7swG+sRaTs9v4IWbhSc7c9OayrDtHc2FxLbrpRuGiCBpjMAPH6DjpWVfXzAeYxrw4WGkGwH59ZVAsWxnHzNTxu2MHFeIgUk5P0oiMKTzn7in9AOZa2JNb7NviAPyowxxsvT86jgiBAIz88miihA//NaTSjy7wNyI0Wk3c6ZbpknwDA+VEW0sC+Jw2/3jpXvcokKKg4VQBQrZDULs+ZpamakA9cQ9tShQkANmgbu+VlkWAHDYIOMYOCM/eqy+l9ltpbuVJTbq21nRd233kdcD3UNFfQSAmOeGVQcFkcHB9D6H3GvUrq5uXO8g3EC7eGW3k8rtGgc7nKjA45pa1vR47rdPJLIgwMhUyT8qZbmQJcBF/DgGt5oEuJ0DZAePjHrXDw1zyjr1nXVm5SGibDqN5Fpg/ZunH2fvBBFJK3DNnkkZHlnofKrRI9Qhhzd26KxXB7uTI+hFe2al+1VjpUgxa2yPIqDpu4/qT8qb9SspSCRH08uKX06qywO5PQ4A+HX6zNrSvMVb1nPrftbDbaybNoJU7hciY8ZJ88HnHTmmDRprpd5trKW6DE+IJ98ilTVLVX7Sr4P3gKp055Of0rqnZ0SWc8S7GEL4VgRx8aoW+21HsY7iGUaZEtVc4kD64llYhtYtprNS4TLo20A4GSxAAoSZ4Vu5p0ktpLZz4JEILMPTI64zRv8AiUsl7paWcIB3yKz+5Qc/0pVsrUgJCXJJwAT5elCV6k5JO/53mlr09itjt6+/3RlhSTbtkACjoQeo8qyNe53Fn4JzzW0L/wDDL3hClRhsmkbtPqMzXmDv7rb4APnn59K43WW7ZjLUPToq/EK5P5+0c7m5SGPdvBJ6Ac5quM91eHaihV/vrSLay3MbrKs0iAngNwT8jTd2f1lr2VYJFCHHG0YyajbQ1QLDcD0/PtIU65dU3K3l7fH5yyjsEgR5WO+ZVLAkcA0gSeK8fvQNxOeF4rqJUGNl9QRXLbmVo70g4wB6UC52yYPxeoIiqm0KVFGML9q92DP4Pt/vUYuCerKB/wBNe98CfxD7VUWEQcpkmFzgLyBn8NZUJk/eA72GR7qyvOYT3lMNHwU/Op4uCPCMUIEIIxz8aIijPmK0FB3gLCWUBA8qmklUDGPtQ8CnzUVO2FIOFGOa0Wn3WBuN4358A+AoHVXkisZpIIjLMqkogPU0THKs0CujAqwyDWsmGBB6UEBNVy8yRRstfg1K2ksrjNtM6shQkqMkYO0nofj96ptI7PjRJJVnb2i2eL97IyhEjVORuHUk56+6mHW+z8F+WcjZJ5SL1Hx9RVHb2GpsGsrq4VrNGBGRlmx0GfT3c1VbSxIOMnsf7iF9BYj7dD3lnpGbqzjlkucNz4JThkXPhGfPjFWTXIWWLuvEIxjPrVZFa93xRUSECoBHUANHdXsgQdA9vraX8eDMWIXPQE8Crq70i4uAJ++u3cjIcShM+8A+XxxVVeD91kdQc0+pIJ7SGVejKDVV+nQry46/eLdY5osVlHWcmmW7btGoJPtSuE7wplsAddo8+aa4J9TspVkW6eZlO5oJ4yhYf6T5/I0T7OrdrZG2cqgbdjrkAf8A1q31SSKK23ykDaQwJ8iDxS56T4XlY5k6HVtQE5QRAdev2mupb2EDuGACqR0yKU31JoZl4y2cgDrVxe3YktDHEuFxnnqaRNWaZFleXKlmClkPT0C+nxNTp0oK5cfGN+LcQOlKrSfhHGDUV1R1UyCLPk3Ao660e2uIgrNyPM80l9lp57vUkhmhL2238XXafj508SaapX927L86GtTwjgHIMM4fqTr6S7pk9DKC97MzFSLeRSD6nOPrVjoOgtZTe0XDq0uOFXoD60ZHDewH926uPRuaJjuLrpJCvyNR8VsFc7GFU6Wmt+cIQfpC+lcr1iD/AJxKOmCR5+tdOM7opaRVVR1JNc615lfVpHjI2sxIOcZFD2Ecu0o4wAaxIEgGMgrx7qmCEcHPyrVDhR4o/vXu4fzJ8qo5pm+X3T0rzy3yYmsrNw8yp+VZXZncvun/2Q==', NULL, 'MALE', 33, '13800138000', 'USER', 0, '您的出生地是哪里？', '小学', NULL, NULL, '2026-04-05 23:28:39', '2026-04-05 23:28:39');

-- ----------------------------
-- Table structure for vote
-- ----------------------------
DROP TABLE IF EXISTS `vote`;
CREATE TABLE `vote`  (
  `id` bigint NOT NULL AUTO_INCREMENT COMMENT '主键ID',
  `target_type` varchar(20) CHARACTER SET utf8mb4 COLLATE utf8mb4_unicode_ci NOT NULL COMMENT '目标类型：QUESTION/ANSWER/COMMENT',
  `target_id` bigint NOT NULL COMMENT '目标ID',
  `user_id` bigint NOT NULL COMMENT '用户ID',
  `vote_type` tinyint NOT NULL COMMENT '点赞类型：1表示点赞，-1表示踩',
  `created_at` datetime NULL DEFAULT CURRENT_TIMESTAMP COMMENT '创建时间',
  PRIMARY KEY (`id`) USING BTREE,
  UNIQUE INDEX `uk_target_user`(`target_type` ASC, `target_id` ASC, `user_id` ASC) USING BTREE,
  INDEX `idx_user_id`(`user_id` ASC) USING BTREE,
  CONSTRAINT `fk_vote_user` FOREIGN KEY (`user_id`) REFERENCES `user` (`id`) ON DELETE CASCADE ON UPDATE RESTRICT
) ENGINE = InnoDB AUTO_INCREMENT = 171 CHARACTER SET = utf8mb4 COLLATE = utf8mb4_unicode_ci COMMENT = '点赞表' ROW_FORMAT = DYNAMIC;

-- ----------------------------
-- Records of vote
-- ----------------------------
INSERT INTO `vote` VALUES (12, 'ANSWER', 3, 6, 1, '2026-02-07 01:06:30');
INSERT INTO `vote` VALUES (86, 'QUESTION', 8, 1, 1, '2026-02-12 00:53:22');
INSERT INTO `vote` VALUES (91, 'QUESTION', 7, 6, 1, '2026-02-12 01:03:59');
INSERT INTO `vote` VALUES (95, 'ANSWER', 8, 6, -1, '2026-02-12 01:25:01');
INSERT INTO `vote` VALUES (116, 'QUESTION', 9, 6, 1, '2026-02-12 02:01:43');
INSERT INTO `vote` VALUES (117, 'ANSWER', 10, 6, 1, '2026-02-12 02:01:44');
INSERT INTO `vote` VALUES (136, 'ANSWER', 11, 1, 1, '2026-02-12 02:43:23');
INSERT INTO `vote` VALUES (147, 'QUESTION', 10, 1, 1, '2026-03-04 11:17:02');
INSERT INTO `vote` VALUES (154, 'QUESTION', 10, 8, 1, '2026-03-07 21:55:32');
INSERT INTO `vote` VALUES (156, 'ANSWER', 12, 8, 1, '2026-03-07 21:56:08');
INSERT INTO `vote` VALUES (159, 'QUESTION', 11, 1, 1, '2026-03-09 21:14:04');
INSERT INTO `vote` VALUES (161, 'QUESTION', 12, 6, 1, '2026-03-09 21:19:25');
INSERT INTO `vote` VALUES (163, 'ANSWER', 14, 6, 1, '2026-03-09 21:19:36');
INSERT INTO `vote` VALUES (165, 'QUESTION', 11, 6, 1, '2026-03-09 21:50:36');
INSERT INTO `vote` VALUES (166, 'QUESTION', 13, 6, 1, '2026-03-09 22:50:19');
INSERT INTO `vote` VALUES (168, 'ANSWER', 20, 9, 1, '2026-04-04 14:48:05');
INSERT INTO `vote` VALUES (169, 'QUESTION', 15, 9, 1, '2026-04-04 14:48:09');
INSERT INTO `vote` VALUES (170, 'QUESTION', 17, 1, 1, '2026-04-05 17:09:44');

SET FOREIGN_KEY_CHECKS = 1;
